USE [CinemaTickets]
GO

------- GENRES

INSERT INTO [Entities] DEFAULT VALUES;
INSERT INTO [Genres]([Id], [Name]) VALUES (@@IDENTITY, N'Animation');

INSERT INTO [Entities] DEFAULT VALUES;
INSERT INTO [Genres]([Id], [Name]) VALUES (@@IDENTITY, N'Art-house');

INSERT INTO [Entities] DEFAULT VALUES;
INSERT INTO [Genres]([Id], [Name]) VALUES (@@IDENTITY, N'Ballet');

INSERT INTO [Entities] DEFAULT VALUES;
INSERT INTO [Genres]([Id], [Name]) VALUES (@@IDENTITY, N'Biograpthic');

INSERT INTO [Entities] DEFAULT VALUES;
INSERT INTO [Genres]([Id], [Name]) VALUES (@@IDENTITY, N'Action');

INSERT INTO [Entities] DEFAULT VALUES;
INSERT INTO [Genres]([Id], [Name]) VALUES (@@IDENTITY, N'Western');

INSERT INTO [Entities] DEFAULT VALUES;
INSERT INTO [Genres]([Id], [Name]) VALUES (@@IDENTITY, N'Warrior');

INSERT INTO [Entities] DEFAULT VALUES;
INSERT INTO [Genres]([Id], [Name]) VALUES (@@IDENTITY, N'Detective');

INSERT INTO [Entities] DEFAULT VALUES;
INSERT INTO [Genres]([Id], [Name]) VALUES (@@IDENTITY, N'Documental');

INSERT INTO [Entities] DEFAULT VALUES;
INSERT INTO [Genres]([Id], [Name]) VALUES (@@IDENTITY, N'Drama');

INSERT INTO [Entities] DEFAULT VALUES;
INSERT INTO [Genres]([Id], [Name]) VALUES (@@IDENTITY, N'Art');

INSERT INTO [Entities] DEFAULT VALUES;
INSERT INTO [Genres]([Id], [Name]) VALUES (@@IDENTITY, N'Historical');

INSERT INTO [Entities] DEFAULT VALUES;
INSERT INTO [Genres]([Id], [Name]) VALUES (@@IDENTITY, N'Comedy');

INSERT INTO [Entities] DEFAULT VALUES;
INSERT INTO [Genres]([Id], [Name]) VALUES (@@IDENTITY, N'Criminal');

INSERT INTO [Entities] DEFAULT VALUES;
INSERT INTO [Genres]([Id], [Name]) VALUES (@@IDENTITY, N'Melodrama');

INSERT INTO [Entities] DEFAULT VALUES;
INSERT INTO [Genres]([Id], [Name]) VALUES (@@IDENTITY, N'Mistical');

INSERT INTO [Entities] DEFAULT VALUES;
INSERT INTO [Genres]([Id], [Name]) VALUES (@@IDENTITY, N'Carton');

INSERT INTO [Entities] DEFAULT VALUES;
INSERT INTO [Genres]([Id], [Name]) VALUES (@@IDENTITY, N'Opera');

INSERT INTO [Entities] DEFAULT VALUES;
INSERT INTO [Genres]([Id], [Name]) VALUES (@@IDENTITY, N'Adventure');

INSERT INTO [Entities] DEFAULT VALUES;
INSERT INTO [Genres]([Id], [Name]) VALUES (@@IDENTITY, N'Comercial');

INSERT INTO [Entities] DEFAULT VALUES;
INSERT INTO [Genres]([Id], [Name]) VALUES (@@IDENTITY, N'Romance');

INSERT INTO [Entities] DEFAULT VALUES;
INSERT INTO [Genres]([Id], [Name]) VALUES (@@IDENTITY, N'Family');

INSERT INTO [Entities] DEFAULT VALUES;
INSERT INTO [Genres]([Id], [Name]) VALUES (@@IDENTITY, N'Perfomance');

INSERT INTO [Entities] DEFAULT VALUES;
INSERT INTO [Genres]([Id], [Name]) VALUES (@@IDENTITY, N'Sport');

INSERT INTO [Entities] DEFAULT VALUES;
INSERT INTO [Genres]([Id], [Name]) VALUES (@@IDENTITY, N'Theatre');

INSERT INTO [Entities] DEFAULT VALUES;
INSERT INTO [Genres]([Id], [Name]) VALUES (@@IDENTITY, N'Tragedy');

INSERT INTO [Entities] DEFAULT VALUES;
INSERT INTO [Genres]([Id], [Name]) VALUES (@@IDENTITY, N'Thriller');

INSERT INTO [Entities] DEFAULT VALUES;
INSERT INTO [Genres]([Id], [Name]) VALUES (@@IDENTITY, N'Horror');

INSERT INTO [Entities] DEFAULT VALUES;
INSERT INTO [Genres]([Id], [Name]) VALUES (@@IDENTITY, N'Fantastic');

INSERT INTO [Entities] DEFAULT VALUES;
INSERT INTO [Genres]([Id], [Name]) VALUES (@@IDENTITY, N'Soccer');

INSERT INTO [Entities] DEFAULT VALUES;
INSERT INTO [Genres]([Id], [Name]) VALUES (@@IDENTITY, N'Fantacy');

INSERT INTO [Entities] DEFAULT VALUES;
INSERT INTO [Genres]([Id], [Name]) VALUES (@@IDENTITY, N'Serial');


-------- ACTORS

INSERT INTO [Actors]([FirstName], [LastName]) VALUES (N'Tom', N'Cruise');
INSERT INTO [Actors]([FirstName], [LastName]) VALUES (N'Tom', N'Hanks');
INSERT INTO [Actors]([FirstName], [LastName]) VALUES (N'Jack', N'Nicholson');
INSERT INTO [Actors]([FirstName], [LastName]) VALUES (N'Robert', N'De Niro');
INSERT INTO [Actors]([FirstName], [LastName]) VALUES (N'Gene', N'Hackman');
INSERT INTO [Actors]([FirstName], [LastName]) VALUES (N'Robert', N'Duvall');
INSERT INTO [Actors]([FirstName], [LastName]) VALUES (N'Dustim', N'Hoffman');
INSERT INTO [Actors]([FirstName], [LastName]) VALUES (N'Al', N'Pacino');
INSERT INTO [Actors]([FirstName], [LastName]) VALUES (N'Clint', N'Eastwood');
INSERT INTO [Actors]([FirstName], [LastName]) VALUES (N'Kevin', N'Spacey');
INSERT INTO [Actors]([FirstName], [LastName]) VALUES (N'Christofer', N'Walken');
INSERT INTO [Actors]([FirstName], [LastName]) VALUES (N'Harrison', N'Ford');
INSERT INTO [Actors]([FirstName], [LastName]) VALUES (N'Samuel', N'L.Jackson');
INSERT INTO [Actors]([FirstName], [LastName]) VALUES (N'Edward', N'Norton');
INSERT INTO [Actors]([FirstName], [LastName]) VALUES (N'Bill', N'Murray');
INSERT INTO [Actors]([FirstName], [LastName]) VALUES (N'Ed', N'Harris');
INSERT INTO [Actors]([FirstName], [LastName]) VALUES (N'Mel', N'Gipson');
INSERT INTO [Actors]([FirstName], [LastName]) VALUES (N'Leonardo', N'DiCaprio');
INSERT INTO [Actors]([FirstName], [LastName]) VALUES (N'Woody', N'Harrelson');
INSERT INTO [Actors]([FirstName], [LastName]) VALUES (N'Kevin', N'Bacon');
INSERT INTO [Actors]([FirstName], [LastName]) VALUES (N'Denzel', N'Washington');
INSERT INTO [Actors]([FirstName], [LastName]) VALUES (N'Johnny', N'Depp');
INSERT INTO [Actors]([FirstName], [LastName]) VALUES (N'Viggo', N'Mortensen');
INSERT INTO [Actors]([FirstName], [LastName]) VALUES (N'Brad', N'Pitt');
INSERT INTO [Actors]([FirstName], [LastName]) VALUES (N'Matt', N'Damon');
INSERT INTO [Actors]([FirstName], [LastName]) VALUES (N'Steve', N'Buscemi');
INSERT INTO [Actors]([FirstName], [LastName]) VALUES (N'Kurt', N'Russell');
INSERT INTO [Actors]([FirstName], [LastName]) VALUES (N'Don', N'Cheadle');
INSERT INTO [Actors]([FirstName], [LastName]) VALUES (N'Bradley', N'Cooper');
INSERT INTO [Actors]([FirstName], [LastName]) VALUES (N'Sean', N'Penn');
INSERT INTO [Actors]([FirstName], [LastName]) VALUES (N'Kenin', N'Costner');
INSERT INTO [Actors]([FirstName], [LastName]) VALUES (N'Will', N'Smith');
INSERT INTO [Actors]([FirstName], [LastName]) VALUES (N'Ray', N'Liotta');
INSERT INTO [Actors]([FirstName], [LastName]) VALUES (N'Robert', N'Redford');
INSERT INTO [Actors]([FirstName], [LastName]) VALUES (N'Bruce', N'Williams');
INSERT INTO [Actors]([FirstName], [LastName]) VALUES (N'James', N'Cann');


---DIRECTORS

INSERT INTO [Directors]([FirstName], [LastName]) VALUES (N'Martin', N'Scorsese');
INSERT INTO [Directors]([FirstName], [LastName]) VALUES (N'Francis', N'Ford Cappola');
INSERT INTO [Directors]([FirstName], [LastName]) VALUES (N'Steven', N'Spielberg');
INSERT INTO [Directors]([FirstName], [LastName]) VALUES (N'John', N'Ford');
INSERT INTO [Directors]([FirstName], [LastName]) VALUES (N'Quentin', N'Tarantino');
INSERT INTO [Directors]([FirstName], [LastName]) VALUES (N'John', N'Huston');
INSERT INTO [Directors]([FirstName], [LastName]) VALUES (N'Nicholas', N'Ray');
INSERT INTO [Directors]([FirstName], [LastName]) VALUES (N'Mel', N'Brooks');
INSERT INTO [Directors]([FirstName], [LastName]) VALUES (N'Robert', N'Altman');
INSERT INTO [Directors]([FirstName], [LastName]) VALUES (N'Michael', N'Curtiz');
INSERT INTO [Directors]([FirstName], [LastName]) VALUES (N'Clint', N'Eastwood');
INSERT INTO [Directors]([FirstName], [LastName]) VALUES (N'James', N'Ivory');
INSERT INTO [Directors]([FirstName], [LastName]) VALUES (N'Tim', N'Burton');
INSERT INTO [Directors]([FirstName], [LastName]) VALUES (N'Elia', N'Kazan');
INSERT INTO [Directors]([FirstName], [LastName]) VALUES (N'David', N'Lunch');



---WRITERS

INSERT INTO [Writers]([FirstName], [LastName]) VALUES (N'Lake', N'Bell');
INSERT INTO [Writers]([FirstName], [LastName]) VALUES (N'Joel', N'Coen');
INSERT INTO [Writers]([FirstName], [LastName]) VALUES (N'Betty', N'Collins');
INSERT INTO [Writers]([FirstName], [LastName]) VALUES (N'Leah', N'Baiard');
INSERT INTO [Writers]([FirstName], [LastName]) VALUES (N'Jenna', N'Bans');
INSERT INTO [Writers]([FirstName], [LastName]) VALUES (N'Andrea', N'Berloff');
INSERT INTO [Writers]([FirstName], [LastName]) VALUES (N'Troy', N'Beyer');
INSERT INTO [Writers]([FirstName], [LastName]) VALUES (N'Anna', N'Biller');
INSERT INTO [Writers]([FirstName], [LastName]) VALUES (N'Jenry', N'Bicks');
INSERT INTO [Writers]([FirstName], [LastName]) VALUES (N'Martie', N'Cook');
INSERT INTO [Writers]([FirstName], [LastName]) VALUES (N'Adele', N'Comandini');
INSERT INTO [Writers]([FirstName], [LastName]) VALUES (N'Tomy', N'Jones');
INSERT INTO [Writers]([FirstName], [LastName]) VALUES (N'Cheo', N'Simpson');
INSERT INTO [Writers]([FirstName], [LastName]) VALUES (N'Susan', N'Stewart');
INSERT INTO [Writers]([FirstName], [LastName]) VALUES (N'SJ', N'Chiro');


--CITIES

INSERT INTO [Cities]([Name]) VALUES (N'New-York');
INSERT INTO [Cities]([Name]) VALUES (N'Los-Angeleas');
INSERT INTO [Cities]([Name]) VALUES (N'Chicago');
INSERT INTO [Cities]([Name]) VALUES (N'Hewston');
INSERT INTO [Cities]([Name]) VALUES (N'Philadelphia');
INSERT INTO [Cities]([Name]) VALUES (N'Fenix');
INSERT INTO [Cities]([Name]) VALUES (N'San Antonio');
INSERT INTO [Cities]([Name]) VALUES (N'San-Diego');
INSERT INTO [Cities]([Name]) VALUES (N'Dalas');
INSERT INTO [Cities]([Name]) VALUES (N'San-Hose');
INSERT INTO [Cities]([Name]) VALUES (N'Ostin');
INSERT INTO [Cities]([Name]) VALUES (N'Indianapolis');
INSERT INTO [Cities]([Name]) VALUES (N'San-Francisco');
INSERT INTO [Cities]([Name]) VALUES (N'Detroit');
INSERT INTO [Cities]([Name]) VALUES (N'Sietle');


--COUNTRIES

INSERT INTO [Countries]([Name]) VALUES (N'Nepal');
INSERT INTO [Countries]([Name]) VALUES (N'Autralia');
INSERT INTO [Countries]([Name]) VALUES (N'Philipines');
INSERT INTO [Countries]([Name]) VALUES (N'Northway');
INSERT INTO [Countries]([Name]) VALUES (N'Brasil');
INSERT INTO [Countries]([Name]) VALUES (N'Chili');
INSERT INTO [Countries]([Name]) VALUES (N'India');
INSERT INTO [Countries]([Name]) VALUES (N'Uganda');
INSERT INTO [Countries]([Name]) VALUES (N'Swetzerland');
INSERT INTO [Countries]([Name]) VALUES (N'Canada');
INSERT INTO [Countries]([Name]) VALUES (N'Kenia');
INSERT INTO [Countries]([Name]) VALUES (N'Italy');
INSERT INTO [Countries]([Name]) VALUES (N'Columbia');
INSERT INTO [Countries]([Name]) VALUES (N'Argentine');
INSERT INTO [Countries]([Name]) VALUES (N'Zambia');
INSERT INTO [Countries]([Name]) VALUES (N'Suedia');
INSERT INTO [Countries]([Name]) VALUES (N'SUA');
INSERT INTO [Countries]([Name]) VALUES (N'Russia');
INSERT INTO [Countries]([Name]) VALUES (N'Moldova');
INSERT INTO [Countries]([Name]) VALUES (N'Spain');
INSERT INTO [Countries]([Name]) VALUES (N'United Kingdom');


----LANGUAGES

INSERT INTO [Languages]([Name]) VALUES (N'Chinese');
INSERT INTO [Languages]([Name]) VALUES (N'Spanish');
INSERT INTO [Languages]([Name]) VALUES (N'English');
INSERT INTO [Languages]([Name]) VALUES (N'Portuguese');
INSERT INTO [Languages]([Name]) VALUES (N'Russian');
INSERT INTO [Languages]([Name]) VALUES (N'Japanese');
INSERT INTO [Languages]([Name]) VALUES (N'French');
INSERT INTO [Languages]([Name]) VALUES (N'Italian');
INSERT INTO [Languages]([Name]) VALUES (N'Romanian');


---MOVIES

INSERT INTO [Entities] DEFAULT VALUES;
INSERT INTO [Movies]([Id], [Name], [OriginalName], [Duration], [ReleaseDate], [Description]) 
VALUES (@@IDENTITY, N'Star Wars: Episode VII - The Force Awakens', N'Star Wars: Episode VII - The Force Awakens', 89, '2015-12-17', N'Da power will be with you! Continuation of the epic and classical saga in an even larger format. The action takes place 30 years after the Return of the Jedi. The world is once again in danger: The power awakens, and those to whom it is subject, want to use it for personal purposes. A new intergalactic war is coming. ');
INSERT INTO [Entities] DEFAULT VALUES;
INSERT INTO [Movies]([Id], [Name], [OriginalName], [Duration], [ReleaseDate], [Description]) 
VALUES (@@IDENTITY, N'Zhuo yao ji', N'Zhuo yao ji', 89, '2015-12-17', N'Simpatichny little monster Huba - this is the child of the human male and the queen of monsters. He is haunted by people who hate monsters, and monsters who try to grab him. The action takes place in medieval China. ');
INSERT INTO [Entities] DEFAULT VALUES;
INSERT INTO [Movies]([Id], [Name], [OriginalName], [Duration], [ReleaseDate], [Description]) 
VALUES (@@IDENTITY, N'The 5th Wave', N'The 5th Wave', 89, '2015-12-17', N'The first wave left a haze behind it. Only the most lucky ones managed to escape from the second one. But you can hardly call those who survived after the third are lucky. And the fourth wave erased all human laws, instead, it established its own, only one: you want to live - do not believe anyone. And now the fifth wave is rolling ... ');
INSERT INTO [Entities] DEFAULT VALUES;
INSERT INTO [Movies]([Id], [Name], [OriginalName], [Duration], [ReleaseDate], [Description]) 
VALUES (@@IDENTITY, N'Kung Fu Panda 3', N'Kung Fu Panda 3', 89, '2015-12-17', N'Otets Po, who was long considered missing, suddenly returns and with his son goes to the secret paradise of pandas, where they will meet with many new funny characters. However, when a thief with supernatural powers named Kai begins to defeat kung fu masters all over China, Poe is forced to do the impossible - to organize the training of the whole village inhabited by his hilarious clumsy brothers to make them an ideal group of "Panda Kung Fu"! "');
INSERT INTO [Entities] DEFAULT VALUES;
INSERT INTO [Movies]([Id], [Name], [OriginalName], [Duration], [ReleaseDate], [Description]) 
VALUES (@@IDENTITY, N'Antigang', N'Antigang', 89, '2015-12-17', N'Burden does not like the rules. To keep the underworld under strict control, his combat group prefers to use methods that go beyond the law. With the advent of the new boss Lenoir, they have to moderate their fervor a little, and act in an underground manner. ');
INSERT INTO [Entities] DEFAULT VALUES;
INSERT INTO [Movies]([Id], [Name], [OriginalName], [Duration], [ReleaseDate], [Description]) 
VALUES (@@IDENTITY, N'13 Hours', N'13 Hours', 89, '2015-12-17', N'New large-scale project, based on real events from the legendary Michael Bay. The basis was the tragic events of 2012, which occurred in the grievous protests of Libya. The level of threat in this country was recognized as extremely high. The civilian population and the employees of the diplomatic corps were under constant surveillance of the militants who attacked the US embassy. Elite detachment of former servicemen promptly sent to the city of Benghazi. In their hands, hundreds of lives, time for performing operations to neutralize is critically small. ');
INSERT INTO [Entities] DEFAULT VALUES;
INSERT INTO [Movies]([Id], [Name], [OriginalName], [Duration], [ReleaseDate], [Description]) 
VALUES (@@IDENTITY, N'The Finest Hours', N'The Finest Hours', 89, '2015-12-17', N'Suzhet film is based on real events that occurred in 1952, when Coast Guard officers in the midst of a storm, using wooden motor boats, tried to save the crew of two oil tankers. ');
INSERT INTO [Entities] DEFAULT VALUES;
INSERT INTO [Movies]([Id], [Name], [OriginalName], [Duration], [ReleaseDate], [Description]) 
VALUES (@@IDENTITY, N'Deadpool', N'Deadpool', 89, '2015-12-17', N'Bylshy soldier, who became a mercenary special forces, participated in a non-standard experiment, trying to cure cancer. Thanks to this, Wade Wilson received an increased ability to heal, incredible strength and agility, as well as an unstable mental state and formed a special black humor. However, his skin was disfigured. In the hero a new person is born - Deadpool. Armed with new abilities and a manic sense of humor, Wade Wilson goes hunting for the man who destroyed his life and kidnapped his beloved girl. ');
INSERT INTO [Entities] DEFAULT VALUES;
INSERT INTO [Movies]([Id], [Name], [OriginalName], [Duration], [ReleaseDate], [Description]) 
VALUES (@@IDENTITY, N'Pride and Prejudice and Zombies', N'Pride and Prejudice and Zombies', 89, '2015-12-17', N'Film is an exciting and frightening interpretation of the famous novel by British writer Jane Austen. Mysterious plague appeared in the UK in the XIX century. People have become walking dead men who eat living human flesh. In such conditions, much had to change. Bold heroine Elizabeth Bennet is not only beautiful and smart, she is also a master of martial arts and weapons. The mentor for Elizabeth and her sisters was the young and attractive Mr. Darcy. The girl has to team up with the teacher on a blood-soaked battlefield to free the country from zombies. Will the heroes pair in this dangerous world? ');
INSERT INTO [Entities] DEFAULT VALUES;
INSERT INTO [Movies]([Id], [Name], [OriginalName], [Duration], [ReleaseDate], [Description]) 
VALUES (@@IDENTITY, N'El Americano: The Movie', N'El Americano: The Movie', 89, '2015-12-17', N'As well as all teens, the parrot Kuko loves finding activities more interesting than helping seniors in boring household chores. For example, fanatet from your favorite teleguoya, cool super-feathered El Amerikano! Everything changes when a gang of birds-gouging threatens to take away from the father of Kuko circus arena, the generations belonging to their family. Kuko decides that without the help of El Amerikano, theres no way to do it and he goes on a full-perilous journey to Hollywood, at the end of the road, opening a superhero inside himself. ');
INSERT INTO [Entities] DEFAULT VALUES;
INSERT INTO [Movies]([Id], [Name], [OriginalName], [Duration], [ReleaseDate], [Description]) 
VALUES (@@IDENTITY, N'Gods of Egypt', N'Gods of Egypt', 89, '2015-12-17', N'The once peaceful and prosperous Egyptian kingdom plunges into chaos: the merciless god of darkness Seth kills his brother Osiris and usurps the throne. Summon him unexpectedly throws a simple mortal, resourceful young thief. To restore his beautiful beloved to life, he has to enlist the support of the powerful and vengeful god Horus. ');
INSERT INTO [Entities] DEFAULT VALUES;
INSERT INTO [Movies]([Id], [Name], [OriginalName], [Duration], [ReleaseDate], [Description]) 
VALUES (@@IDENTITY, N'Mad Max: Fury Road', N'Mad Max: Fury Road', 89, '2015-12-17', N'The plot tells how, after revenge for the death of his wife and son, Max Rokatansky (Tom Hardy) left the ranks of the "Basic Force Patrol", and went to the desert where he wanders alone while the world slowly rolls into the abyss as a result of the oil crisis and global war. Max, by and large, has only one friend - his car "Interceptor". Our hero needs to learn how to survive in the post-apocalyptic emptiness and compete with the cruel, ruthless warriors living here. Max meets Empress Furyozu (Charlize Theron) - a woman who wants to cross the desert. ');
INSERT INTO [Entities] DEFAULT VALUES;
INSERT INTO [Movies]([Id], [Name], [OriginalName], [Duration], [ReleaseDate], [Description]) 
VALUES (@@IDENTITY, N'Grimsby', N'Grimsby', 89, '2015-12-17', N'British comedy from the creator of "Borat" and "Dictator" Sasha Baron Cohen. Nobby has everything a man from the poor fishing town of Grimsby can desire: the most beautiful girl in England and 9 children. But the football hooligan did not have a brother in his life. For 28 years, Nobby has been trying to find Sebastian. Boys were separated in childhood when adopted by different families. After learning about the whereabouts of the younger brother, the hooligan sets off immediately. But he does not know that Sebastian is a mercenary of MI6s secret service and only disclosed a conspiracy that threatens the security of the whole world. ');
INSERT INTO [Entities] DEFAULT VALUES;
INSERT INTO [Movies]([Id], [Name], [OriginalName], [Duration], [ReleaseDate], [Description]) 
VALUES (@@IDENTITY, N'The Nice Guys', N'The Nice Guys', 89, '2015-12-17', N'Los Angeles, the 1970s. The unlucky private detective Holland March (Ryan Gosling) and the Jackson Healeys (Jackson) Healey (Russell Crowe) are hired to unravel the case about the possible suicide of the starlet. An easy and unimportant, it would seem, business turns into an intricate and shocking criminal conspiracy in which senior officials are implicated. Detectives need not only to get used to the non-standard professional methods of each other, but also to survive among the shots and explosions. ');
INSERT INTO [Entities] DEFAULT VALUES;
INSERT INTO [Movies]([Id], [Name], [OriginalName], [Duration], [ReleaseDate], [Description]) 
VALUES (@@IDENTITY, N'Suicide squad', N'Suicide squad', 89, '2015-12-17', N'The government decides to give the team a super villain a chance to atone for sins. The catch is that they are entrusted with a mission, where they are likely to perish. Imaz in IMAX 3D will be held only in the Dnieper, in the multiplex cinema, SEC "Dafi"');
INSERT INTO [Entities] DEFAULT VALUES;
INSERT INTO [Movies]([Id], [Name], [OriginalName], [Duration], [ReleaseDate], [Description]) 
VALUES (@@IDENTITY, N'Collide', N'Collide', 89, '2015-12-17', N'Exciting action from legendary producer Joel Silver ("Predator", "Die Hard", "V means Vendetta", "Matrix", "Sherlock Holmes"). To get money for treatment for his girlfriend, Casey Stein decides to return to the criminal past and rob a local gangster. However, the plan does not work as it should have been. From this moment, crazy races on the autobahns of Germany begin. ');
INSERT INTO [Entities] DEFAULT VALUES;
INSERT INTO [Movies]([Id], [Name], [OriginalName], [Duration], [ReleaseDate], [Description]) 
VALUES (@@IDENTITY, N'The Accountant', N'The Accountant', 89, '2015-12-17', N'The tape will tell about the life of the mathematical genius of Christian Wulff. Having established his audit firm, he advised dangerous criminal organizations and himself worked as a hired killer. ');
INSERT INTO [Entities] DEFAULT VALUES;
INSERT INTO [Movies]([Id], [Name], [OriginalName], [Duration], [ReleaseDate], [Description]) 
VALUES (@@IDENTITY, N'Jack Reacher: Never Go Back', N'Jack Reacher: Never Go Back', 89, '2015-12-17', N'Continuation of the famous militant with Tom Cruise in the title role. Jack Reacher decides to return to 110 military police units to thank his colleague, Major Susan Turner, who once helped him a lot. But being in the unit, Reacher learns that Susan was recently arrested for taking bribes, and he himself is accused of murdering 16-year-olds, of which he does not remember anything. A strange combination of circumstances or someones evil plan? From this moment, Jack begins a lot of trouble and adventure. ');
INSERT INTO [Entities] DEFAULT VALUES;
INSERT INTO [Movies]([Id], [Name], [OriginalName], [Duration], [ReleaseDate], [Description]) 
VALUES (@@IDENTITY, N'Rogue One: A Star Wars Story', N'Rogue One: A Star Wars Story', 89, '2015-12-17', N'Favorite saga "Star Wars" returns to the screens! The rebel group challenges the Empire and decides to seize the drawings of the perfect weapon of the "Death Star". At the head of the detachment is the former criminal, courageous and brave Jean Erso. Upon learning of this, the Emperor sends his best and most powerful henchman, Darth Vader, to fight the rebels. This means only one thing: now the war will go not to life, but to death. ');
INSERT INTO [Entities] DEFAULT VALUES;
INSERT INTO [Movies]([Id], [Name], [OriginalName], [Duration], [ReleaseDate], [Description]) 
VALUES (@@IDENTITY, N'Resident Evil: The Final Chapter', N'Resident Evil: The Final Chapter', 89, '2015-12-17', N'Spectacular completion of the franchise "Resident Evil", which collected more than a billion dollars in worldwide box office! Alice (Milla Jovovich) remained the last hope of mankind for salvation. It should return to the starting point, the city of Raccoon City, because it is there that the corporation "Umbrella" gathers its forces to deal a crushing final blow. ');
INSERT INTO [Entities] DEFAULT VALUES;
INSERT INTO [Movies]([Id], [Name], [OriginalName], [Duration], [ReleaseDate], [Description]) 
VALUES (@@IDENTITY, N'Terminator 2: Judgment Day 3D', N'Terminator 2: Judgment Day 3D', 89, '2015-12-17', N'The legend returned. The latest 3D technology from the team that worked on "Avatar", and revolutionary special effects in one of the best fantastic films of all time. The invulnerable cyborg of the new generation is arriving in our time with the mission of killing the young John Connor, the future leader of the resistance, who is destined to end the war of men and machines. But the defense of John has time to send the reprogrammed terminator T-800. Now the future of all mankind depends on the outcome of the struggle unfolding these days. ');
INSERT INTO [Entities] DEFAULT VALUES;
INSERT INTO [Movies]([Id], [Name], [OriginalName], [Duration], [ReleaseDate], [Description]) 
VALUES (@@IDENTITY, N'Baby Driver', N'Baby Driver', 89, '2015-12-17', N'Baby is a talented driver who works for a crime boss named Doc. The entire gangster world knows if the "Kid" at the wheel - no cops can not catch up with them. All that he needs is music and the speed with which he dulls the noise in his ears - the memory of the tragedy of childhood. But, once, in the life of the driver appears Deborah - a girl, in which he falls in love, and with whom he would like to run away from the dregs with whom he worked. Doc gives the driver the last task, and then promises to let go. But it seems that even such a "kid" can not escape from such persecution. With this scam, only courage, music and drive will help him get out. ');
INSERT INTO [Entities] DEFAULT VALUES;
INSERT INTO [Movies]([Id], [Name], [OriginalName], [Duration], [ReleaseDate], [Description]) 
VALUES (@@IDENTITY, N'The Lego Batman Movie', N'The Lego Batman Movie', 89, '2015-12-17', N'A new film from Lego about your favorite superhero and his unexpected adventures with a new partner! ');
INSERT INTO [Entities] DEFAULT VALUES;
INSERT INTO [Movies]([Id], [Name], [OriginalName], [Duration], [ReleaseDate], [Description]) 
VALUES (@@IDENTITY, N'King Arthur: Legend of the Sword', N'King Arthur: Legend of the Sword', 89, '2015-12-17', N'The plot of the film tells of a young Arthur, who hangs around the city of London with his gang and his origin is not interested. So he lives until the moment when fate brings him with the magic sword of Excalibur. After that, Arthur is radically changing. He falls in love, joins the resistance movement and unites people around him to together overthrow the tyrant Vortigem, who killed Arthurs parents and captured the throne. ');
INSERT INTO [Entities] DEFAULT VALUES;
INSERT INTO [Movies]([Id], [Name], [OriginalName], [Duration], [ReleaseDate], [Description]) 
VALUES (@@IDENTITY, N'Kong: Skull Island', N'Kong: Skull Island', 89, '2015-12-17', N'70th years of the last century. The protagonist (Tom Hiddleston) organizes an expedition to Skull Island to find there the missing brother and some mysterious substance. Travelers will have to get acquainted with the eerie monsters and all nightmares of the place where King Kong was once captured. ');
INSERT INTO [Entities] DEFAULT VALUES;
INSERT INTO [Movies]([Id], [Name], [OriginalName], [Duration], [ReleaseDate], [Description]) 
VALUES (@@IDENTITY, N'Logan', N'Logan', 89, '2015-12-17', N'In the distant future, Logan (Hugh Jackman) and Charles Xavier (Patrick Stewart) were left without the X-Men team, but only they can withstand a powerful corporation that seeks to destroy the whole world. But the years make it felt, and only the Wolverine female clone can help heroes in the fight against thieves. ');
INSERT INTO [Entities] DEFAULT VALUES;
INSERT INTO [Movies]([Id], [Name], [OriginalName], [Duration], [ReleaseDate], [Description]) 
VALUES (@@IDENTITY, N'Guardians of the Galaxy Vol. 2', N'Guardians of the Galaxy Vol. 2', 89, '2015-12-17', N'Intergalactic blockbuster is back! This time the gang of space vagrants must find out all the details of the biography of their leader, the Star Knight. Their coolness at the highest level is exceptionally bold, certainly witty, prone to adventures and a small crime. They will hit you again in a fantastic action from Marvel. ');
INSERT INTO [Entities] DEFAULT VALUES;
INSERT INTO [Movies]([Id], [Name], [OriginalName], [Duration], [ReleaseDate], [Description]) 
VALUES (@@IDENTITY, N'Ghost in the Shell', N'Ghost in the Shell', 89, '2015-12-17', N'A new sci-fi thriller with magnetic Scarlett Johansson in the title role! 2029 year. Cyber technology became available to everyone and virtually all people implanted themselves with neural implants. But at the same time, the development of science has brought a dangerous threat to humanity - hackers who break into the brain and can interfere in politics. The cyber-major of the elite unit gets the task to find and neutralize a group of extremists who are trying to destroy the entire cyberworld. ');
INSERT INTO [Entities] DEFAULT VALUES;
INSERT INTO [Movies]([Id], [Name], [OriginalName], [Duration], [ReleaseDate], [Description]) 
VALUES (@@IDENTITY, N'xXx: Return of Xander Cage', N'xXx: Return of Xander Cage', 89, '2015-12-17', N'Xander Cage returns to save the world! Having received an espionage mission, the special agent assembles a team of extremals and goes in search of a secret dangerous weapon - the Pandoras Box. ');
INSERT INTO [Entities] DEFAULT VALUES;
INSERT INTO [Movies]([Id], [Name], [OriginalName], [Duration], [ReleaseDate], [Description]) 
VALUES (@@IDENTITY, N'Kill Command', N'Kill Command', 89, '2015-12-17', N'A near future. On a remote island for training purposes a group of marines is planted. The real essence of the task the fighters will understand, only when they collide with other "islanders" - high-tech robots that are guided by one order. ');
INSERT INTO [Entities] DEFAULT VALUES;
INSERT INTO [Movies]([Id], [Name], [OriginalName], [Duration], [ReleaseDate], [Description]) 
VALUES (@@IDENTITY, N'John Wick: Chapter Two', N'John Wick: Chapter Two', 89, '2015-12-17', N'John Wick comes back! When his former colleague takes control of the mysterious guild of assassins, John travels to Rome to fight the worlds most dangerous killers. ');
INSERT INTO [Entities] DEFAULT VALUES;
INSERT INTO [Movies]([Id], [Name], [OriginalName], [Duration], [ReleaseDate], [Description]) 
VALUES (@@IDENTITY, N'Wonder Woman', N'Wonder Woman', 89, '2015-12-17', N'Princess of the Amazons Diana lives all her life on a remote paradise island, but one day on its shores is an American pilot. A young warrior learns about a serious conflict in the outside world from the mouth of a soldier and decides to leave her home to help restore peace. Battling side by side with people, Zeus daughter Diana will find her true destiny and become a Wonder Woman. ');
INSERT INTO [Entities] DEFAULT VALUES;
INSERT INTO [Movies]([Id], [Name], [OriginalName], [Duration], [ReleaseDate], [Description]) 
VALUES (@@IDENTITY, N'The Fate of the Furious', N'The Fate of the Furious', 89, '2015-12-17', N'After parting with Brian Conner, Dominique Torettos team has new enemies, and his family is on the verge of breaking. ');
INSERT INTO [Entities] DEFAULT VALUES;
INSERT INTO [Movies]([Id], [Name], [OriginalName], [Duration], [ReleaseDate], [Description]) 
VALUES (@@IDENTITY, N'Baywatch', N'Baywatch', 89, '2015-12-17', N'How to make the young intern to be distracted from hangouts with models, Dwayne Johnson knows. The bay is safe when he is on duty. ');
INSERT INTO [Entities] DEFAULT VALUES;
INSERT INTO [Movies]([Id], [Name], [OriginalName], [Duration], [ReleaseDate], [Description]) 
VALUES (@@IDENTITY, N'Wind River', N'Wind River', 89, '2015-12-17', N'American outback. Hunter Corey Lambert from the Department of Fisheries in the Indian Reservation The Wind River during the walk finds a recently murdered woman. The FBI sends a very inexperienced agent Jane Benner to the case, which is not at all prepared for all the difficulties that creates the winter Wisconsin. One girl can not cope, so she asks Corey, as a local resident, to help her in the investigation. And they learn a lot ... At least the fact that the murder was not one but a whole series. The Wind River is the place where the laws of nature and the laws of humanity are mixed. And it is not clear which of them lead everyone around. ');
INSERT INTO [Entities] DEFAULT VALUES;
INSERT INTO [Movies]([Id], [Name], [OriginalName], [Duration], [ReleaseDate], [Description]) 
VALUES (@@IDENTITY, N'Justice League', N'Justice League', 89, '2015-12-17', N'Realizing that there are threats that can not be dealt with alone, Batman and Superman create a completely new team, gathering in it the most powerful defenders of humanity. Uniting and forgetting the disagreements, the heroes face the terrible threat in the face of the powerful ruler of the planet Apokolips - Darkseid, whose power is able to draw not only the Earth, but the entire galaxy to dust. ');
INSERT INTO [Entities] DEFAULT VALUES;
INSERT INTO [Movies]([Id], [Name], [OriginalName], [Duration], [ReleaseDate], [Description]) 
VALUES (@@IDENTITY, N'Kingsman: The Golden Circle', N'Kingsman: The Golden Circle', 89, '2015-12-17', N'Eggsey and Merlin are going to visit their US colleagues, members of the Statesman organization, after the Kingsman headquarters was destroyed by Poppy. ');
INSERT INTO [Entities] DEFAULT VALUES;
INSERT INTO [Movies]([Id], [Name], [OriginalName], [Duration], [ReleaseDate], [Description]) 
VALUES (@@IDENTITY, N'Black Panther', N'Black Panther', 89, '2015-12-17', N'At first glance, you can decide that Wakida is the usual territory of wild Africa, but it is not. Here, in the depths of desert lands, there are deposits of unique metal that can absorb vibration. Many tried to get to him, ruining everything in their path and bringing death to the aborigines, but each time the mysterious spirit of the savannah - the Black Panther - rose to protect the oppressed. After many years, the trouble again comes to Wakidu, and this time the enemy enlisted the support of modern technologies. When there is almost no chance, TChalla, the young prince of Wakanda, learns that he has to revive the legend and continue the eternal struggle by wearing the mask of the Black Panther. ');

----MOVIEACTORS

INSERT INTO [MovieActors] ([MovieId], [ActorId]) VALUES (33, 20);
INSERT INTO [MovieActors] ([MovieId], [ActorId]) VALUES (34, 17);
INSERT INTO [MovieActors] ([MovieId], [ActorId]) VALUES (35, 2);
INSERT INTO [MovieActors] ([MovieId], [ActorId]) VALUES (36, 33);
INSERT INTO [MovieActors] ([MovieId], [ActorId]) VALUES (37, 24);
INSERT INTO [MovieActors] ([MovieId], [ActorId]) VALUES (38, 2);
INSERT INTO [MovieActors] ([MovieId], [ActorId]) VALUES (39, 6);
INSERT INTO [MovieActors] ([MovieId], [ActorId]) VALUES (40, 15);
INSERT INTO [MovieActors] ([MovieId], [ActorId]) VALUES (41, 3);
INSERT INTO [MovieActors] ([MovieId], [ActorId]) VALUES (42, 30);
INSERT INTO [MovieActors] ([MovieId], [ActorId]) VALUES (43, 24);
INSERT INTO [MovieActors] ([MovieId], [ActorId]) VALUES (44, 1);
INSERT INTO [MovieActors] ([MovieId], [ActorId]) VALUES (45, 14);
INSERT INTO [MovieActors] ([MovieId], [ActorId]) VALUES (46, 21);
INSERT INTO [MovieActors] ([MovieId], [ActorId]) VALUES (47, 25);
INSERT INTO [MovieActors] ([MovieId], [ActorId]) VALUES (48, 16);
INSERT INTO [MovieActors] ([MovieId], [ActorId]) VALUES (49, 17);
INSERT INTO [MovieActors] ([MovieId], [ActorId]) VALUES (50, 30);
INSERT INTO [MovieActors] ([MovieId], [ActorId]) VALUES (51, 3);
INSERT INTO [MovieActors] ([MovieId], [ActorId]) VALUES (52, 13);
INSERT INTO [MovieActors] ([MovieId], [ActorId]) VALUES (53, 1);
INSERT INTO [MovieActors] ([MovieId], [ActorId]) VALUES (54, 32);
INSERT INTO [MovieActors] ([MovieId], [ActorId]) VALUES (55, 2);
INSERT INTO [MovieActors] ([MovieId], [ActorId]) VALUES (56, 3);
INSERT INTO [MovieActors] ([MovieId], [ActorId]) VALUES (57, 25);
INSERT INTO [MovieActors] ([MovieId], [ActorId]) VALUES (58, 36);
INSERT INTO [MovieActors] ([MovieId], [ActorId]) VALUES (59, 9);
INSERT INTO [MovieActors] ([MovieId], [ActorId]) VALUES (60, 11);
INSERT INTO [MovieActors] ([MovieId], [ActorId]) VALUES (61, 14);
INSERT INTO [MovieActors] ([MovieId], [ActorId]) VALUES (62, 27);
INSERT INTO [MovieActors] ([MovieId], [ActorId]) VALUES (63, 30);
INSERT INTO [MovieActors] ([MovieId], [ActorId]) VALUES (64, 19);
INSERT INTO [MovieActors] ([MovieId], [ActorId]) VALUES (65, 15);
INSERT INTO [MovieActors] ([MovieId], [ActorId]) VALUES (66, 26);
INSERT INTO [MovieActors] ([MovieId], [ActorId]) VALUES (67, 24);
INSERT INTO [MovieActors] ([MovieId], [ActorId]) VALUES (68, 6);
INSERT INTO [MovieActors] ([MovieId], [ActorId]) VALUES (69, 2);
INSERT INTO [MovieActors] ([MovieId], [ActorId]) VALUES (70, 8);
INSERT INTO [MovieActors] ([MovieId], [ActorId]) VALUES (33, 13);
INSERT INTO [MovieActors] ([MovieId], [ActorId]) VALUES (34, 21);
INSERT INTO [MovieActors] ([MovieId], [ActorId]) VALUES (35, 36);
INSERT INTO [MovieActors] ([MovieId], [ActorId]) VALUES (36, 23);
INSERT INTO [MovieActors] ([MovieId], [ActorId]) VALUES (37, 13);
INSERT INTO [MovieActors] ([MovieId], [ActorId]) VALUES (38, 24);
INSERT INTO [MovieActors] ([MovieId], [ActorId]) VALUES (39, 12);
INSERT INTO [MovieActors] ([MovieId], [ActorId]) VALUES (40, 20);
INSERT INTO [MovieActors] ([MovieId], [ActorId]) VALUES (41, 5);
INSERT INTO [MovieActors] ([MovieId], [ActorId]) VALUES (42, 17);
INSERT INTO [MovieActors] ([MovieId], [ActorId]) VALUES (43, 15);
INSERT INTO [MovieActors] ([MovieId], [ActorId]) VALUES (44, 3);
INSERT INTO [MovieActors] ([MovieId], [ActorId]) VALUES (45, 11);
INSERT INTO [MovieActors] ([MovieId], [ActorId]) VALUES (46, 2);
INSERT INTO [MovieActors] ([MovieId], [ActorId]) VALUES (47, 7);
INSERT INTO [MovieActors] ([MovieId], [ActorId]) VALUES (48, 31);
INSERT INTO [MovieActors] ([MovieId], [ActorId]) VALUES (49, 33);
INSERT INTO [MovieActors] ([MovieId], [ActorId]) VALUES (50, 30);
INSERT INTO [MovieActors] ([MovieId], [ActorId]) VALUES (51, 27);
INSERT INTO [MovieActors] ([MovieId], [ActorId]) VALUES (52, 10);
INSERT INTO [MovieActors] ([MovieId], [ActorId]) VALUES (53, 31);
INSERT INTO [MovieActors] ([MovieId], [ActorId]) VALUES (54, 18);
INSERT INTO [MovieActors] ([MovieId], [ActorId]) VALUES (55, 9);
INSERT INTO [MovieActors] ([MovieId], [ActorId]) VALUES (56, 5);
INSERT INTO [MovieActors] ([MovieId], [ActorId]) VALUES (57, 34);
INSERT INTO [MovieActors] ([MovieId], [ActorId]) VALUES (58, 32);
INSERT INTO [MovieActors] ([MovieId], [ActorId]) VALUES (59, 7);
INSERT INTO [MovieActors] ([MovieId], [ActorId]) VALUES (60, 13);
INSERT INTO [MovieActors] ([MovieId], [ActorId]) VALUES (61, 7);
INSERT INTO [MovieActors] ([MovieId], [ActorId]) VALUES (62, 26);
INSERT INTO [MovieActors] ([MovieId], [ActorId]) VALUES (63, 29);
INSERT INTO [MovieActors] ([MovieId], [ActorId]) VALUES (64, 25);
INSERT INTO [MovieActors] ([MovieId], [ActorId]) VALUES (65, 13);
INSERT INTO [MovieActors] ([MovieId], [ActorId]) VALUES (66, 17);
INSERT INTO [MovieActors] ([MovieId], [ActorId]) VALUES (67, 1);
INSERT INTO [MovieActors] ([MovieId], [ActorId]) VALUES (68, 16);
INSERT INTO [MovieActors] ([MovieId], [ActorId]) VALUES (69, 12);
INSERT INTO [MovieActors] ([MovieId], [ActorId]) VALUES (70, 15);
INSERT INTO [MovieActors] ([MovieId], [ActorId]) VALUES (33, 5);
INSERT INTO [MovieActors] ([MovieId], [ActorId]) VALUES (34, 7);
INSERT INTO [MovieActors] ([MovieId], [ActorId]) VALUES (35, 16);
INSERT INTO [MovieActors] ([MovieId], [ActorId]) VALUES (36, 25);
INSERT INTO [MovieActors] ([MovieId], [ActorId]) VALUES (37, 33);
INSERT INTO [MovieActors] ([MovieId], [ActorId]) VALUES (38, 23);
INSERT INTO [MovieActors] ([MovieId], [ActorId]) VALUES (39, 2);
INSERT INTO [MovieActors] ([MovieId], [ActorId]) VALUES (40, 30);
INSERT INTO [MovieActors] ([MovieId], [ActorId]) VALUES (41, 23);
INSERT INTO [MovieActors] ([MovieId], [ActorId]) VALUES (42, 33);
INSERT INTO [MovieActors] ([MovieId], [ActorId]) VALUES (43, 25);
INSERT INTO [MovieActors] ([MovieId], [ActorId]) VALUES (44, 5);
INSERT INTO [MovieActors] ([MovieId], [ActorId]) VALUES (45, 21);
INSERT INTO [MovieActors] ([MovieId], [ActorId]) VALUES (46, 32);
INSERT INTO [MovieActors] ([MovieId], [ActorId]) VALUES (47, 24);
INSERT INTO [MovieActors] ([MovieId], [ActorId]) VALUES (48, 34);
INSERT INTO [MovieActors] ([MovieId], [ActorId]) VALUES (49, 9);
INSERT INTO [MovieActors] ([MovieId], [ActorId]) VALUES (50, 19);
INSERT INTO [MovieActors] ([MovieId], [ActorId]) VALUES (51, 13);
INSERT INTO [MovieActors] ([MovieId], [ActorId]) VALUES (52, 13);
INSERT INTO [MovieActors] ([MovieId], [ActorId]) VALUES (53, 5);
INSERT INTO [MovieActors] ([MovieId], [ActorId]) VALUES (54, 27);
INSERT INTO [MovieActors] ([MovieId], [ActorId]) VALUES (55, 16);
INSERT INTO [MovieActors] ([MovieId], [ActorId]) VALUES (56, 22);
INSERT INTO [MovieActors] ([MovieId], [ActorId]) VALUES (57, 6);
INSERT INTO [MovieActors] ([MovieId], [ActorId]) VALUES (58, 6);
INSERT INTO [MovieActors] ([MovieId], [ActorId]) VALUES (59, 28);
INSERT INTO [MovieActors] ([MovieId], [ActorId]) VALUES (60, 1);
INSERT INTO [MovieActors] ([MovieId], [ActorId]) VALUES (61, 6);
INSERT INTO [MovieActors] ([MovieId], [ActorId]) VALUES (62, 6);
INSERT INTO [MovieActors] ([MovieId], [ActorId]) VALUES (63, 8);
INSERT INTO [MovieActors] ([MovieId], [ActorId]) VALUES (64, 29);
INSERT INTO [MovieActors] ([MovieId], [ActorId]) VALUES (65, 6);
INSERT INTO [MovieActors] ([MovieId], [ActorId]) VALUES (66, 23);
INSERT INTO [MovieActors] ([MovieId], [ActorId]) VALUES (67, 34);
INSERT INTO [MovieActors] ([MovieId], [ActorId]) VALUES (68, 18);
INSERT INTO [MovieActors] ([MovieId], [ActorId]) VALUES (69, 9);
INSERT INTO [MovieActors] ([MovieId], [ActorId]) VALUES (70, 28);
INSERT INTO [MovieActors] ([MovieId], [ActorId]) VALUES (33, 13);
INSERT INTO [MovieActors] ([MovieId], [ActorId]) VALUES (34, 3);
INSERT INTO [MovieActors] ([MovieId], [ActorId]) VALUES (35, 28);
INSERT INTO [MovieActors] ([MovieId], [ActorId]) VALUES (36, 2);
INSERT INTO [MovieActors] ([MovieId], [ActorId]) VALUES (37, 21);
INSERT INTO [MovieActors] ([MovieId], [ActorId]) VALUES (38, 11);
INSERT INTO [MovieActors] ([MovieId], [ActorId]) VALUES (39, 17);
INSERT INTO [MovieActors] ([MovieId], [ActorId]) VALUES (40, 3);
INSERT INTO [MovieActors] ([MovieId], [ActorId]) VALUES (41, 22);
INSERT INTO [MovieActors] ([MovieId], [ActorId]) VALUES (42, 1);
INSERT INTO [MovieActors] ([MovieId], [ActorId]) VALUES (43, 34);
INSERT INTO [MovieActors] ([MovieId], [ActorId]) VALUES (44, 1);
INSERT INTO [MovieActors] ([MovieId], [ActorId]) VALUES (45, 16);
INSERT INTO [MovieActors] ([MovieId], [ActorId]) VALUES (46, 14);
INSERT INTO [MovieActors] ([MovieId], [ActorId]) VALUES (47, 10);
INSERT INTO [MovieActors] ([MovieId], [ActorId]) VALUES (48, 8);
INSERT INTO [MovieActors] ([MovieId], [ActorId]) VALUES (49, 36);
INSERT INTO [MovieActors] ([MovieId], [ActorId]) VALUES (50, 14);
INSERT INTO [MovieActors] ([MovieId], [ActorId]) VALUES (51, 4);
INSERT INTO [MovieActors] ([MovieId], [ActorId]) VALUES (52, 29);
INSERT INTO [MovieActors] ([MovieId], [ActorId]) VALUES (53, 35);
INSERT INTO [MovieActors] ([MovieId], [ActorId]) VALUES (54, 11);
INSERT INTO [MovieActors] ([MovieId], [ActorId]) VALUES (55, 21);
INSERT INTO [MovieActors] ([MovieId], [ActorId]) VALUES (56, 21);
INSERT INTO [MovieActors] ([MovieId], [ActorId]) VALUES (57, 14);
INSERT INTO [MovieActors] ([MovieId], [ActorId]) VALUES (58, 28);
INSERT INTO [MovieActors] ([MovieId], [ActorId]) VALUES (59, 20);
INSERT INTO [MovieActors] ([MovieId], [ActorId]) VALUES (60, 35);
INSERT INTO [MovieActors] ([MovieId], [ActorId]) VALUES (61, 16);
INSERT INTO [MovieActors] ([MovieId], [ActorId]) VALUES (62, 30);
INSERT INTO [MovieActors] ([MovieId], [ActorId]) VALUES (63, 4);
INSERT INTO [MovieActors] ([MovieId], [ActorId]) VALUES (64, 3);
INSERT INTO [MovieActors] ([MovieId], [ActorId]) VALUES (65, 7);
INSERT INTO [MovieActors] ([MovieId], [ActorId]) VALUES (66, 9);
INSERT INTO [MovieActors] ([MovieId], [ActorId]) VALUES (67, 19);
INSERT INTO [MovieActors] ([MovieId], [ActorId]) VALUES (68, 23);
INSERT INTO [MovieActors] ([MovieId], [ActorId]) VALUES (69, 1);
INSERT INTO [MovieActors] ([MovieId], [ActorId]) VALUES (70, 1);
INSERT INTO [MovieActors] ([MovieId], [ActorId]) VALUES (33, 2);
INSERT INTO [MovieActors] ([MovieId], [ActorId]) VALUES (34, 1);
INSERT INTO [MovieActors] ([MovieId], [ActorId]) VALUES (35, 22);
INSERT INTO [MovieActors] ([MovieId], [ActorId]) VALUES (36, 12);
INSERT INTO [MovieActors] ([MovieId], [ActorId]) VALUES (37, 26);
INSERT INTO [MovieActors] ([MovieId], [ActorId]) VALUES (38, 17);
INSERT INTO [MovieActors] ([MovieId], [ActorId]) VALUES (39, 28);
INSERT INTO [MovieActors] ([MovieId], [ActorId]) VALUES (40, 18);
INSERT INTO [MovieActors] ([MovieId], [ActorId]) VALUES (41, 14);
INSERT INTO [MovieActors] ([MovieId], [ActorId]) VALUES (42, 22);
INSERT INTO [MovieActors] ([MovieId], [ActorId]) VALUES (43, 7);
INSERT INTO [MovieActors] ([MovieId], [ActorId]) VALUES (44, 21);
INSERT INTO [MovieActors] ([MovieId], [ActorId]) VALUES (45, 25);
INSERT INTO [MovieActors] ([MovieId], [ActorId]) VALUES (46, 6);
INSERT INTO [MovieActors] ([MovieId], [ActorId]) VALUES (47, 10);
INSERT INTO [MovieActors] ([MovieId], [ActorId]) VALUES (48, 2);
INSERT INTO [MovieActors] ([MovieId], [ActorId]) VALUES (49, 6);
INSERT INTO [MovieActors] ([MovieId], [ActorId]) VALUES (50, 28);
INSERT INTO [MovieActors] ([MovieId], [ActorId]) VALUES (51, 18);
INSERT INTO [MovieActors] ([MovieId], [ActorId]) VALUES (52, 32);
INSERT INTO [MovieActors] ([MovieId], [ActorId]) VALUES (53, 25);
INSERT INTO [MovieActors] ([MovieId], [ActorId]) VALUES (54, 8);
INSERT INTO [MovieActors] ([MovieId], [ActorId]) VALUES (55, 31);
INSERT INTO [MovieActors] ([MovieId], [ActorId]) VALUES (56, 23);
INSERT INTO [MovieActors] ([MovieId], [ActorId]) VALUES (57, 35);
INSERT INTO [MovieActors] ([MovieId], [ActorId]) VALUES (58, 24);
INSERT INTO [MovieActors] ([MovieId], [ActorId]) VALUES (59, 12);
INSERT INTO [MovieActors] ([MovieId], [ActorId]) VALUES (60, 14);
INSERT INTO [MovieActors] ([MovieId], [ActorId]) VALUES (61, 30);
INSERT INTO [MovieActors] ([MovieId], [ActorId]) VALUES (62, 30);
INSERT INTO [MovieActors] ([MovieId], [ActorId]) VALUES (63, 15);
INSERT INTO [MovieActors] ([MovieId], [ActorId]) VALUES (64, 16);
INSERT INTO [MovieActors] ([MovieId], [ActorId]) VALUES (65, 36);
INSERT INTO [MovieActors] ([MovieId], [ActorId]) VALUES (66, 4);
INSERT INTO [MovieActors] ([MovieId], [ActorId]) VALUES (67, 21);
INSERT INTO [MovieActors] ([MovieId], [ActorId]) VALUES (68, 25);
INSERT INTO [MovieActors] ([MovieId], [ActorId]) VALUES (69, 23);
INSERT INTO [MovieActors] ([MovieId], [ActorId]) VALUES (70, 30);
INSERT INTO [MovieActors] ([MovieId], [ActorId]) VALUES (33, 6);
INSERT INTO [MovieActors] ([MovieId], [ActorId]) VALUES (34, 28);
INSERT INTO [MovieActors] ([MovieId], [ActorId]) VALUES (35, 22);
INSERT INTO [MovieActors] ([MovieId], [ActorId]) VALUES (36, 29);
INSERT INTO [MovieActors] ([MovieId], [ActorId]) VALUES (37, 18);
INSERT INTO [MovieActors] ([MovieId], [ActorId]) VALUES (38, 6);
INSERT INTO [MovieActors] ([MovieId], [ActorId]) VALUES (39, 33);
INSERT INTO [MovieActors] ([MovieId], [ActorId]) VALUES (40, 12);
INSERT INTO [MovieActors] ([MovieId], [ActorId]) VALUES (41, 27);
INSERT INTO [MovieActors] ([MovieId], [ActorId]) VALUES (42, 36);
INSERT INTO [MovieActors] ([MovieId], [ActorId]) VALUES (43, 35);
INSERT INTO [MovieActors] ([MovieId], [ActorId]) VALUES (44, 7);
INSERT INTO [MovieActors] ([MovieId], [ActorId]) VALUES (45, 19);
INSERT INTO [MovieActors] ([MovieId], [ActorId]) VALUES (46, 13);
INSERT INTO [MovieActors] ([MovieId], [ActorId]) VALUES (47, 11);
INSERT INTO [MovieActors] ([MovieId], [ActorId]) VALUES (48, 35);
INSERT INTO [MovieActors] ([MovieId], [ActorId]) VALUES (49, 22);
INSERT INTO [MovieActors] ([MovieId], [ActorId]) VALUES (50, 4);
INSERT INTO [MovieActors] ([MovieId], [ActorId]) VALUES (51, 13);
INSERT INTO [MovieActors] ([MovieId], [ActorId]) VALUES (52, 27);
INSERT INTO [MovieActors] ([MovieId], [ActorId]) VALUES (53, 32);
INSERT INTO [MovieActors] ([MovieId], [ActorId]) VALUES (54, 16);
INSERT INTO [MovieActors] ([MovieId], [ActorId]) VALUES (55, 27);
INSERT INTO [MovieActors] ([MovieId], [ActorId]) VALUES (56, 25);
INSERT INTO [MovieActors] ([MovieId], [ActorId]) VALUES (57, 4);
INSERT INTO [MovieActors] ([MovieId], [ActorId]) VALUES (58, 3);
INSERT INTO [MovieActors] ([MovieId], [ActorId]) VALUES (59, 16);
INSERT INTO [MovieActors] ([MovieId], [ActorId]) VALUES (60, 12);
INSERT INTO [MovieActors] ([MovieId], [ActorId]) VALUES (61, 2);
INSERT INTO [MovieActors] ([MovieId], [ActorId]) VALUES (62, 33);
INSERT INTO [MovieActors] ([MovieId], [ActorId]) VALUES (63, 16);
INSERT INTO [MovieActors] ([MovieId], [ActorId]) VALUES (64, 24);
INSERT INTO [MovieActors] ([MovieId], [ActorId]) VALUES (65, 2);
INSERT INTO [MovieActors] ([MovieId], [ActorId]) VALUES (66, 17);
INSERT INTO [MovieActors] ([MovieId], [ActorId]) VALUES (67, 36);
INSERT INTO [MovieActors] ([MovieId], [ActorId]) VALUES (68, 36);
INSERT INTO [MovieActors] ([MovieId], [ActorId]) VALUES (69, 10);
INSERT INTO [MovieActors] ([MovieId], [ActorId]) VALUES (70, 31);
INSERT INTO [MovieActors] ([MovieId], [ActorId]) VALUES (33, 18);
INSERT INTO [MovieActors] ([MovieId], [ActorId]) VALUES (34, 19);
INSERT INTO [MovieActors] ([MovieId], [ActorId]) VALUES (35, 10);
INSERT INTO [MovieActors] ([MovieId], [ActorId]) VALUES (36, 29);
INSERT INTO [MovieActors] ([MovieId], [ActorId]) VALUES (37, 36);
INSERT INTO [MovieActors] ([MovieId], [ActorId]) VALUES (38, 17);
INSERT INTO [MovieActors] ([MovieId], [ActorId]) VALUES (39, 8);
INSERT INTO [MovieActors] ([MovieId], [ActorId]) VALUES (40, 2);
INSERT INTO [MovieActors] ([MovieId], [ActorId]) VALUES (41, 3);
INSERT INTO [MovieActors] ([MovieId], [ActorId]) VALUES (42, 5);
INSERT INTO [MovieActors] ([MovieId], [ActorId]) VALUES (43, 7);
INSERT INTO [MovieActors] ([MovieId], [ActorId]) VALUES (44, 25);
INSERT INTO [MovieActors] ([MovieId], [ActorId]) VALUES (45, 4);
INSERT INTO [MovieActors] ([MovieId], [ActorId]) VALUES (46, 23);
INSERT INTO [MovieActors] ([MovieId], [ActorId]) VALUES (47, 1);
INSERT INTO [MovieActors] ([MovieId], [ActorId]) VALUES (48, 34);
INSERT INTO [MovieActors] ([MovieId], [ActorId]) VALUES (49, 19);
INSERT INTO [MovieActors] ([MovieId], [ActorId]) VALUES (50, 32);
INSERT INTO [MovieActors] ([MovieId], [ActorId]) VALUES (51, 33);
INSERT INTO [MovieActors] ([MovieId], [ActorId]) VALUES (52, 10);
INSERT INTO [MovieActors] ([MovieId], [ActorId]) VALUES (53, 5);
INSERT INTO [MovieActors] ([MovieId], [ActorId]) VALUES (54, 32);
INSERT INTO [MovieActors] ([MovieId], [ActorId]) VALUES (55, 15);
INSERT INTO [MovieActors] ([MovieId], [ActorId]) VALUES (56, 33);
INSERT INTO [MovieActors] ([MovieId], [ActorId]) VALUES (57, 27);
INSERT INTO [MovieActors] ([MovieId], [ActorId]) VALUES (58, 29);
INSERT INTO [MovieActors] ([MovieId], [ActorId]) VALUES (59, 5);
INSERT INTO [MovieActors] ([MovieId], [ActorId]) VALUES (60, 5);
INSERT INTO [MovieActors] ([MovieId], [ActorId]) VALUES (61, 13);
INSERT INTO [MovieActors] ([MovieId], [ActorId]) VALUES (62, 15);
INSERT INTO [MovieActors] ([MovieId], [ActorId]) VALUES (63, 18);
INSERT INTO [MovieActors] ([MovieId], [ActorId]) VALUES (64, 32);
INSERT INTO [MovieActors] ([MovieId], [ActorId]) VALUES (65, 2);
INSERT INTO [MovieActors] ([MovieId], [ActorId]) VALUES (66, 23);
INSERT INTO [MovieActors] ([MovieId], [ActorId]) VALUES (67, 32);
INSERT INTO [MovieActors] ([MovieId], [ActorId]) VALUES (68, 4);
INSERT INTO [MovieActors] ([MovieId], [ActorId]) VALUES (69, 9);
INSERT INTO [MovieActors] ([MovieId], [ActorId]) VALUES (70, 13);
INSERT INTO [MovieActors] ([MovieId], [ActorId]) VALUES (33, 36);
INSERT INTO [MovieActors] ([MovieId], [ActorId]) VALUES (34, 13);
INSERT INTO [MovieActors] ([MovieId], [ActorId]) VALUES (35, 23);
INSERT INTO [MovieActors] ([MovieId], [ActorId]) VALUES (36, 17);
INSERT INTO [MovieActors] ([MovieId], [ActorId]) VALUES (37, 1);
INSERT INTO [MovieActors] ([MovieId], [ActorId]) VALUES (38, 1);
INSERT INTO [MovieActors] ([MovieId], [ActorId]) VALUES (39, 6);
INSERT INTO [MovieActors] ([MovieId], [ActorId]) VALUES (40, 12);
INSERT INTO [MovieActors] ([MovieId], [ActorId]) VALUES (41, 17);
INSERT INTO [MovieActors] ([MovieId], [ActorId]) VALUES (42, 17);
INSERT INTO [MovieActors] ([MovieId], [ActorId]) VALUES (43, 4);
INSERT INTO [MovieActors] ([MovieId], [ActorId]) VALUES (44, 13);
INSERT INTO [MovieActors] ([MovieId], [ActorId]) VALUES (45, 19);
INSERT INTO [MovieActors] ([MovieId], [ActorId]) VALUES (46, 27);
INSERT INTO [MovieActors] ([MovieId], [ActorId]) VALUES (47, 28);
INSERT INTO [MovieActors] ([MovieId], [ActorId]) VALUES (48, 16);
INSERT INTO [MovieActors] ([MovieId], [ActorId]) VALUES (49, 13);
INSERT INTO [MovieActors] ([MovieId], [ActorId]) VALUES (50, 7);
INSERT INTO [MovieActors] ([MovieId], [ActorId]) VALUES (51, 27);
INSERT INTO [MovieActors] ([MovieId], [ActorId]) VALUES (52, 2);
INSERT INTO [MovieActors] ([MovieId], [ActorId]) VALUES (53, 11);
INSERT INTO [MovieActors] ([MovieId], [ActorId]) VALUES (54, 22);
INSERT INTO [MovieActors] ([MovieId], [ActorId]) VALUES (55, 9);
INSERT INTO [MovieActors] ([MovieId], [ActorId]) VALUES (56, 35);
INSERT INTO [MovieActors] ([MovieId], [ActorId]) VALUES (57, 14);
INSERT INTO [MovieActors] ([MovieId], [ActorId]) VALUES (58, 6);
INSERT INTO [MovieActors] ([MovieId], [ActorId]) VALUES (59, 15);
INSERT INTO [MovieActors] ([MovieId], [ActorId]) VALUES (60, 4);
INSERT INTO [MovieActors] ([MovieId], [ActorId]) VALUES (61, 10);
INSERT INTO [MovieActors] ([MovieId], [ActorId]) VALUES (62, 25);
INSERT INTO [MovieActors] ([MovieId], [ActorId]) VALUES (63, 17);
INSERT INTO [MovieActors] ([MovieId], [ActorId]) VALUES (64, 10);
INSERT INTO [MovieActors] ([MovieId], [ActorId]) VALUES (65, 35);
INSERT INTO [MovieActors] ([MovieId], [ActorId]) VALUES (66, 5);
INSERT INTO [MovieActors] ([MovieId], [ActorId]) VALUES (67, 32);
INSERT INTO [MovieActors] ([MovieId], [ActorId]) VALUES (68, 5);
INSERT INTO [MovieActors] ([MovieId], [ActorId]) VALUES (69, 9);
INSERT INTO [MovieActors] ([MovieId], [ActorId]) VALUES (70, 17);
INSERT INTO [MovieActors] ([MovieId], [ActorId]) VALUES (33, 10);
INSERT INTO [MovieActors] ([MovieId], [ActorId]) VALUES (34, 32);
INSERT INTO [MovieActors] ([MovieId], [ActorId]) VALUES (35, 3);
INSERT INTO [MovieActors] ([MovieId], [ActorId]) VALUES (36, 16);
INSERT INTO [MovieActors] ([MovieId], [ActorId]) VALUES (37, 8);
INSERT INTO [MovieActors] ([MovieId], [ActorId]) VALUES (38, 12);
INSERT INTO [MovieActors] ([MovieId], [ActorId]) VALUES (39, 18);
INSERT INTO [MovieActors] ([MovieId], [ActorId]) VALUES (40, 22);
INSERT INTO [MovieActors] ([MovieId], [ActorId]) VALUES (41, 34);
INSERT INTO [MovieActors] ([MovieId], [ActorId]) VALUES (42, 13);
INSERT INTO [MovieActors] ([MovieId], [ActorId]) VALUES (43, 27);
INSERT INTO [MovieActors] ([MovieId], [ActorId]) VALUES (44, 12);
INSERT INTO [MovieActors] ([MovieId], [ActorId]) VALUES (45, 14);
INSERT INTO [MovieActors] ([MovieId], [ActorId]) VALUES (46, 20);
INSERT INTO [MovieActors] ([MovieId], [ActorId]) VALUES (47, 26);
INSERT INTO [MovieActors] ([MovieId], [ActorId]) VALUES (48, 7);
INSERT INTO [MovieActors] ([MovieId], [ActorId]) VALUES (49, 27);
INSERT INTO [MovieActors] ([MovieId], [ActorId]) VALUES (50, 16);
INSERT INTO [MovieActors] ([MovieId], [ActorId]) VALUES (51, 36);
INSERT INTO [MovieActors] ([MovieId], [ActorId]) VALUES (52, 26);
INSERT INTO [MovieActors] ([MovieId], [ActorId]) VALUES (53, 1);
INSERT INTO [MovieActors] ([MovieId], [ActorId]) VALUES (54, 7);
INSERT INTO [MovieActors] ([MovieId], [ActorId]) VALUES (55, 1);
INSERT INTO [MovieActors] ([MovieId], [ActorId]) VALUES (56, 33);
INSERT INTO [MovieActors] ([MovieId], [ActorId]) VALUES (57, 1);
INSERT INTO [MovieActors] ([MovieId], [ActorId]) VALUES (58, 13);
INSERT INTO [MovieActors] ([MovieId], [ActorId]) VALUES (59, 32);
INSERT INTO [MovieActors] ([MovieId], [ActorId]) VALUES (60, 8);
INSERT INTO [MovieActors] ([MovieId], [ActorId]) VALUES (61, 5);
INSERT INTO [MovieActors] ([MovieId], [ActorId]) VALUES (62, 13);
INSERT INTO [MovieActors] ([MovieId], [ActorId]) VALUES (63, 10);
INSERT INTO [MovieActors] ([MovieId], [ActorId]) VALUES (64, 17);
INSERT INTO [MovieActors] ([MovieId], [ActorId]) VALUES (65, 2);
INSERT INTO [MovieActors] ([MovieId], [ActorId]) VALUES (66, 9);
INSERT INTO [MovieActors] ([MovieId], [ActorId]) VALUES (67, 11);
INSERT INTO [MovieActors] ([MovieId], [ActorId]) VALUES (68, 28);
INSERT INTO [MovieActors] ([MovieId], [ActorId]) VALUES (69, 13);
INSERT INTO [MovieActors] ([MovieId], [ActorId]) VALUES (70, 24);
INSERT INTO [MovieActors] ([MovieId], [ActorId]) VALUES (33, 10);
INSERT INTO [MovieActors] ([MovieId], [ActorId]) VALUES (34, 12);
INSERT INTO [MovieActors] ([MovieId], [ActorId]) VALUES (35, 12);
INSERT INTO [MovieActors] ([MovieId], [ActorId]) VALUES (36, 27);
INSERT INTO [MovieActors] ([MovieId], [ActorId]) VALUES (37, 9);
INSERT INTO [MovieActors] ([MovieId], [ActorId]) VALUES (38, 26);
INSERT INTO [MovieActors] ([MovieId], [ActorId]) VALUES (39, 34);
INSERT INTO [MovieActors] ([MovieId], [ActorId]) VALUES (40, 13);
INSERT INTO [MovieActors] ([MovieId], [ActorId]) VALUES (41, 18);
INSERT INTO [MovieActors] ([MovieId], [ActorId]) VALUES (42, 27);
INSERT INTO [MovieActors] ([MovieId], [ActorId]) VALUES (43, 19);
INSERT INTO [MovieActors] ([MovieId], [ActorId]) VALUES (44, 11);
INSERT INTO [MovieActors] ([MovieId], [ActorId]) VALUES (45, 5);
INSERT INTO [MovieActors] ([MovieId], [ActorId]) VALUES (46, 1);
INSERT INTO [MovieActors] ([MovieId], [ActorId]) VALUES (47, 21);
INSERT INTO [MovieActors] ([MovieId], [ActorId]) VALUES (48, 7);
INSERT INTO [MovieActors] ([MovieId], [ActorId]) VALUES (49, 36);
INSERT INTO [MovieActors] ([MovieId], [ActorId]) VALUES (50, 4);
INSERT INTO [MovieActors] ([MovieId], [ActorId]) VALUES (51, 10);
INSERT INTO [MovieActors] ([MovieId], [ActorId]) VALUES (52, 25);
INSERT INTO [MovieActors] ([MovieId], [ActorId]) VALUES (53, 10);
INSERT INTO [MovieActors] ([MovieId], [ActorId]) VALUES (54, 2);
INSERT INTO [MovieActors] ([MovieId], [ActorId]) VALUES (55, 2);
INSERT INTO [MovieActors] ([MovieId], [ActorId]) VALUES (56, 8);
INSERT INTO [MovieActors] ([MovieId], [ActorId]) VALUES (57, 29);
INSERT INTO [MovieActors] ([MovieId], [ActorId]) VALUES (58, 15);
INSERT INTO [MovieActors] ([MovieId], [ActorId]) VALUES (59, 7);
INSERT INTO [MovieActors] ([MovieId], [ActorId]) VALUES (60, 12);
INSERT INTO [MovieActors] ([MovieId], [ActorId]) VALUES (61, 22);
INSERT INTO [MovieActors] ([MovieId], [ActorId]) VALUES (62, 32);
INSERT INTO [MovieActors] ([MovieId], [ActorId]) VALUES (63, 17);
INSERT INTO [MovieActors] ([MovieId], [ActorId]) VALUES (64, 32);
INSERT INTO [MovieActors] ([MovieId], [ActorId]) VALUES (65, 17);
INSERT INTO [MovieActors] ([MovieId], [ActorId]) VALUES (66, 22);
INSERT INTO [MovieActors] ([MovieId], [ActorId]) VALUES (67, 30);
INSERT INTO [MovieActors] ([MovieId], [ActorId]) VALUES (68, 14);
INSERT INTO [MovieActors] ([MovieId], [ActorId]) VALUES (69, 27);
INSERT INTO [MovieActors] ([MovieId], [ActorId]) VALUES (70, 17);
INSERT INTO [MovieActors] ([MovieId], [ActorId]) VALUES (33, 7);
INSERT INTO [MovieActors] ([MovieId], [ActorId]) VALUES (34, 3);
INSERT INTO [MovieActors] ([MovieId], [ActorId]) VALUES (35, 32);
INSERT INTO [MovieActors] ([MovieId], [ActorId]) VALUES (36, 13);
INSERT INTO [MovieActors] ([MovieId], [ActorId]) VALUES (37, 35);
INSERT INTO [MovieActors] ([MovieId], [ActorId]) VALUES (38, 32);
INSERT INTO [MovieActors] ([MovieId], [ActorId]) VALUES (39, 4);
INSERT INTO [MovieActors] ([MovieId], [ActorId]) VALUES (40, 28);
INSERT INTO [MovieActors] ([MovieId], [ActorId]) VALUES (41, 35);
INSERT INTO [MovieActors] ([MovieId], [ActorId]) VALUES (42, 29);
INSERT INTO [MovieActors] ([MovieId], [ActorId]) VALUES (43, 34);
INSERT INTO [MovieActors] ([MovieId], [ActorId]) VALUES (44, 27);
INSERT INTO [MovieActors] ([MovieId], [ActorId]) VALUES (45, 1);
INSERT INTO [MovieActors] ([MovieId], [ActorId]) VALUES (46, 24);
INSERT INTO [MovieActors] ([MovieId], [ActorId]) VALUES (47, 2);
INSERT INTO [MovieActors] ([MovieId], [ActorId]) VALUES (48, 28);
INSERT INTO [MovieActors] ([MovieId], [ActorId]) VALUES (49, 5);
INSERT INTO [MovieActors] ([MovieId], [ActorId]) VALUES (50, 24);
INSERT INTO [MovieActors] ([MovieId], [ActorId]) VALUES (51, 9);
INSERT INTO [MovieActors] ([MovieId], [ActorId]) VALUES (52, 24);
INSERT INTO [MovieActors] ([MovieId], [ActorId]) VALUES (53, 11);
INSERT INTO [MovieActors] ([MovieId], [ActorId]) VALUES (54, 15);
INSERT INTO [MovieActors] ([MovieId], [ActorId]) VALUES (55, 25);
INSERT INTO [MovieActors] ([MovieId], [ActorId]) VALUES (56, 11);
INSERT INTO [MovieActors] ([MovieId], [ActorId]) VALUES (57, 12);
INSERT INTO [MovieActors] ([MovieId], [ActorId]) VALUES (58, 33);
INSERT INTO [MovieActors] ([MovieId], [ActorId]) VALUES (59, 33);
INSERT INTO [MovieActors] ([MovieId], [ActorId]) VALUES (60, 30);
INSERT INTO [MovieActors] ([MovieId], [ActorId]) VALUES (61, 29);
INSERT INTO [MovieActors] ([MovieId], [ActorId]) VALUES (62, 27);
INSERT INTO [MovieActors] ([MovieId], [ActorId]) VALUES (63, 5);
INSERT INTO [MovieActors] ([MovieId], [ActorId]) VALUES (64, 30);
INSERT INTO [MovieActors] ([MovieId], [ActorId]) VALUES (65, 24);
INSERT INTO [MovieActors] ([MovieId], [ActorId]) VALUES (66, 12);
INSERT INTO [MovieActors] ([MovieId], [ActorId]) VALUES (67, 28);
INSERT INTO [MovieActors] ([MovieId], [ActorId]) VALUES (68, 15);
INSERT INTO [MovieActors] ([MovieId], [ActorId]) VALUES (69, 16);
INSERT INTO [MovieActors] ([MovieId], [ActorId]) VALUES (70, 10);
INSERT INTO [MovieActors] ([MovieId], [ActorId]) VALUES (33, 21);
INSERT INTO [MovieActors] ([MovieId], [ActorId]) VALUES (34, 11);
INSERT INTO [MovieActors] ([MovieId], [ActorId]) VALUES (35, 12);
INSERT INTO [MovieActors] ([MovieId], [ActorId]) VALUES (36, 25);
INSERT INTO [MovieActors] ([MovieId], [ActorId]) VALUES (37, 30);
INSERT INTO [MovieActors] ([MovieId], [ActorId]) VALUES (38, 2);
INSERT INTO [MovieActors] ([MovieId], [ActorId]) VALUES (39, 34);
INSERT INTO [MovieActors] ([MovieId], [ActorId]) VALUES (40, 15);
INSERT INTO [MovieActors] ([MovieId], [ActorId]) VALUES (41, 16);
INSERT INTO [MovieActors] ([MovieId], [ActorId]) VALUES (42, 16);
INSERT INTO [MovieActors] ([MovieId], [ActorId]) VALUES (43, 32);
INSERT INTO [MovieActors] ([MovieId], [ActorId]) VALUES (44, 23);
INSERT INTO [MovieActors] ([MovieId], [ActorId]) VALUES (45, 14);
INSERT INTO [MovieActors] ([MovieId], [ActorId]) VALUES (46, 13);
INSERT INTO [MovieActors] ([MovieId], [ActorId]) VALUES (47, 29);
INSERT INTO [MovieActors] ([MovieId], [ActorId]) VALUES (48, 4);
INSERT INTO [MovieActors] ([MovieId], [ActorId]) VALUES (49, 6);
INSERT INTO [MovieActors] ([MovieId], [ActorId]) VALUES (50, 22);
INSERT INTO [MovieActors] ([MovieId], [ActorId]) VALUES (51, 6);
INSERT INTO [MovieActors] ([MovieId], [ActorId]) VALUES (52, 2);
INSERT INTO [MovieActors] ([MovieId], [ActorId]) VALUES (53, 3);
INSERT INTO [MovieActors] ([MovieId], [ActorId]) VALUES (54, 24);
INSERT INTO [MovieActors] ([MovieId], [ActorId]) VALUES (55, 36);
INSERT INTO [MovieActors] ([MovieId], [ActorId]) VALUES (56, 27);
INSERT INTO [MovieActors] ([MovieId], [ActorId]) VALUES (57, 7);
INSERT INTO [MovieActors] ([MovieId], [ActorId]) VALUES (58, 1);
INSERT INTO [MovieActors] ([MovieId], [ActorId]) VALUES (59, 13);
INSERT INTO [MovieActors] ([MovieId], [ActorId]) VALUES (60, 25);
INSERT INTO [MovieActors] ([MovieId], [ActorId]) VALUES (61, 26);
INSERT INTO [MovieActors] ([MovieId], [ActorId]) VALUES (62, 29);
INSERT INTO [MovieActors] ([MovieId], [ActorId]) VALUES (63, 2);
INSERT INTO [MovieActors] ([MovieId], [ActorId]) VALUES (64, 15);
INSERT INTO [MovieActors] ([MovieId], [ActorId]) VALUES (65, 9);
INSERT INTO [MovieActors] ([MovieId], [ActorId]) VALUES (66, 34);
INSERT INTO [MovieActors] ([MovieId], [ActorId]) VALUES (67, 6);
INSERT INTO [MovieActors] ([MovieId], [ActorId]) VALUES (68, 1);
INSERT INTO [MovieActors] ([MovieId], [ActorId]) VALUES (69, 21);
INSERT INTO [MovieActors] ([MovieId], [ActorId]) VALUES (70, 27);
INSERT INTO [MovieActors] ([MovieId], [ActorId]) VALUES (33, 2);
INSERT INTO [MovieActors] ([MovieId], [ActorId]) VALUES (34, 11);
INSERT INTO [MovieActors] ([MovieId], [ActorId]) VALUES (35, 22);
INSERT INTO [MovieActors] ([MovieId], [ActorId]) VALUES (36, 2);
INSERT INTO [MovieActors] ([MovieId], [ActorId]) VALUES (37, 24);
INSERT INTO [MovieActors] ([MovieId], [ActorId]) VALUES (38, 12);
INSERT INTO [MovieActors] ([MovieId], [ActorId]) VALUES (39, 10);
INSERT INTO [MovieActors] ([MovieId], [ActorId]) VALUES (40, 9);
INSERT INTO [MovieActors] ([MovieId], [ActorId]) VALUES (41, 20);
INSERT INTO [MovieActors] ([MovieId], [ActorId]) VALUES (42, 28);
INSERT INTO [MovieActors] ([MovieId], [ActorId]) VALUES (43, 6);
INSERT INTO [MovieActors] ([MovieId], [ActorId]) VALUES (44, 17);
INSERT INTO [MovieActors] ([MovieId], [ActorId]) VALUES (45, 25);
INSERT INTO [MovieActors] ([MovieId], [ActorId]) VALUES (46, 4);
INSERT INTO [MovieActors] ([MovieId], [ActorId]) VALUES (47, 16);
INSERT INTO [MovieActors] ([MovieId], [ActorId]) VALUES (48, 18);
INSERT INTO [MovieActors] ([MovieId], [ActorId]) VALUES (49, 5);
INSERT INTO [MovieActors] ([MovieId], [ActorId]) VALUES (50, 7);
INSERT INTO [MovieActors] ([MovieId], [ActorId]) VALUES (51, 31);
INSERT INTO [MovieActors] ([MovieId], [ActorId]) VALUES (52, 11);
INSERT INTO [MovieActors] ([MovieId], [ActorId]) VALUES (53, 10);
INSERT INTO [MovieActors] ([MovieId], [ActorId]) VALUES (54, 4);
INSERT INTO [MovieActors] ([MovieId], [ActorId]) VALUES (55, 11);
INSERT INTO [MovieActors] ([MovieId], [ActorId]) VALUES (56, 1);
INSERT INTO [MovieActors] ([MovieId], [ActorId]) VALUES (57, 36);
INSERT INTO [MovieActors] ([MovieId], [ActorId]) VALUES (58, 36);
INSERT INTO [MovieActors] ([MovieId], [ActorId]) VALUES (59, 14);
INSERT INTO [MovieActors] ([MovieId], [ActorId]) VALUES (60, 3);
INSERT INTO [MovieActors] ([MovieId], [ActorId]) VALUES (61, 33);
INSERT INTO [MovieActors] ([MovieId], [ActorId]) VALUES (62, 32);
INSERT INTO [MovieActors] ([MovieId], [ActorId]) VALUES (63, 22);
INSERT INTO [MovieActors] ([MovieId], [ActorId]) VALUES (64, 30);
INSERT INTO [MovieActors] ([MovieId], [ActorId]) VALUES (65, 28);
INSERT INTO [MovieActors] ([MovieId], [ActorId]) VALUES (66, 24);
INSERT INTO [MovieActors] ([MovieId], [ActorId]) VALUES (67, 9);
INSERT INTO [MovieActors] ([MovieId], [ActorId]) VALUES (68, 20);
INSERT INTO [MovieActors] ([MovieId], [ActorId]) VALUES (69, 30);
INSERT INTO [MovieActors] ([MovieId], [ActorId]) VALUES (70, 4);
INSERT INTO [MovieActors] ([MovieId], [ActorId]) VALUES (33, 34);
INSERT INTO [MovieActors] ([MovieId], [ActorId]) VALUES (34, 16);
INSERT INTO [MovieActors] ([MovieId], [ActorId]) VALUES (35, 20);
INSERT INTO [MovieActors] ([MovieId], [ActorId]) VALUES (36, 21);
INSERT INTO [MovieActors] ([MovieId], [ActorId]) VALUES (37, 17);
INSERT INTO [MovieActors] ([MovieId], [ActorId]) VALUES (38, 12);


----MOVIECOUNTRIES

INSERT INTO [MovieCountries] ([MovieId], [CountryId]) VALUES (33, 21);
INSERT INTO [MovieCountries] ([MovieId], [CountryId]) VALUES (34, 14);
INSERT INTO [MovieCountries] ([MovieId], [CountryId]) VALUES (35, 5);
INSERT INTO [MovieCountries] ([MovieId], [CountryId]) VALUES (36, 16);
INSERT INTO [MovieCountries] ([MovieId], [CountryId]) VALUES (37, 4);
INSERT INTO [MovieCountries] ([MovieId], [CountryId]) VALUES (38, 7);
INSERT INTO [MovieCountries] ([MovieId], [CountryId]) VALUES (39, 20);
INSERT INTO [MovieCountries] ([MovieId], [CountryId]) VALUES (40, 5);
INSERT INTO [MovieCountries] ([MovieId], [CountryId]) VALUES (41, 13);
INSERT INTO [MovieCountries] ([MovieId], [CountryId]) VALUES (42, 14);
INSERT INTO [MovieCountries] ([MovieId], [CountryId]) VALUES (43, 19);
INSERT INTO [MovieCountries] ([MovieId], [CountryId]) VALUES (44, 12);
INSERT INTO [MovieCountries] ([MovieId], [CountryId]) VALUES (45, 20);
INSERT INTO [MovieCountries] ([MovieId], [CountryId]) VALUES (46, 14);
INSERT INTO [MovieCountries] ([MovieId], [CountryId]) VALUES (47, 13);
INSERT INTO [MovieCountries] ([MovieId], [CountryId]) VALUES (48, 17);
INSERT INTO [MovieCountries] ([MovieId], [CountryId]) VALUES (49, 21);
INSERT INTO [MovieCountries] ([MovieId], [CountryId]) VALUES (50, 3);
INSERT INTO [MovieCountries] ([MovieId], [CountryId]) VALUES (51, 21);
INSERT INTO [MovieCountries] ([MovieId], [CountryId]) VALUES (52, 16);
INSERT INTO [MovieCountries] ([MovieId], [CountryId]) VALUES (53, 13);
INSERT INTO [MovieCountries] ([MovieId], [CountryId]) VALUES (54, 3);
INSERT INTO [MovieCountries] ([MovieId], [CountryId]) VALUES (55, 10);
INSERT INTO [MovieCountries] ([MovieId], [CountryId]) VALUES (56, 20);
INSERT INTO [MovieCountries] ([MovieId], [CountryId]) VALUES (57, 5);
INSERT INTO [MovieCountries] ([MovieId], [CountryId]) VALUES (58, 2);
INSERT INTO [MovieCountries] ([MovieId], [CountryId]) VALUES (59, 20);
INSERT INTO [MovieCountries] ([MovieId], [CountryId]) VALUES (60, 15);
INSERT INTO [MovieCountries] ([MovieId], [CountryId]) VALUES (61, 15);
INSERT INTO [MovieCountries] ([MovieId], [CountryId]) VALUES (62, 21);
INSERT INTO [MovieCountries] ([MovieId], [CountryId]) VALUES (63, 18);
INSERT INTO [MovieCountries] ([MovieId], [CountryId]) VALUES (64, 4);
INSERT INTO [MovieCountries] ([MovieId], [CountryId]) VALUES (65, 2);
INSERT INTO [MovieCountries] ([MovieId], [CountryId]) VALUES (66, 21);
INSERT INTO [MovieCountries] ([MovieId], [CountryId]) VALUES (67, 21);
INSERT INTO [MovieCountries] ([MovieId], [CountryId]) VALUES (68, 20);
INSERT INTO [MovieCountries] ([MovieId], [CountryId]) VALUES (69, 11);
INSERT INTO [MovieCountries] ([MovieId], [CountryId]) VALUES (70, 19);
INSERT INTO [MovieCountries] ([MovieId], [CountryId]) VALUES (33, 13);
INSERT INTO [MovieCountries] ([MovieId], [CountryId]) VALUES (34, 17);
INSERT INTO [MovieCountries] ([MovieId], [CountryId]) VALUES (35, 1);
INSERT INTO [MovieCountries] ([MovieId], [CountryId]) VALUES (36, 11);
INSERT INTO [MovieCountries] ([MovieId], [CountryId]) VALUES (37, 11);
INSERT INTO [MovieCountries] ([MovieId], [CountryId]) VALUES (38, 5);
INSERT INTO [MovieCountries] ([MovieId], [CountryId]) VALUES (39, 7);
INSERT INTO [MovieCountries] ([MovieId], [CountryId]) VALUES (40, 21);
INSERT INTO [MovieCountries] ([MovieId], [CountryId]) VALUES (41, 15);
INSERT INTO [MovieCountries] ([MovieId], [CountryId]) VALUES (42, 15);
INSERT INTO [MovieCountries] ([MovieId], [CountryId]) VALUES (43, 13);
INSERT INTO [MovieCountries] ([MovieId], [CountryId]) VALUES (44, 21);
INSERT INTO [MovieCountries] ([MovieId], [CountryId]) VALUES (45, 5);
INSERT INTO [MovieCountries] ([MovieId], [CountryId]) VALUES (46, 4);
INSERT INTO [MovieCountries] ([MovieId], [CountryId]) VALUES (47, 11);
INSERT INTO [MovieCountries] ([MovieId], [CountryId]) VALUES (48, 15);
INSERT INTO [MovieCountries] ([MovieId], [CountryId]) VALUES (49, 11);
INSERT INTO [MovieCountries] ([MovieId], [CountryId]) VALUES (50, 10);
INSERT INTO [MovieCountries] ([MovieId], [CountryId]) VALUES (51, 5);
INSERT INTO [MovieCountries] ([MovieId], [CountryId]) VALUES (52, 4);
INSERT INTO [MovieCountries] ([MovieId], [CountryId]) VALUES (53, 21);
INSERT INTO [MovieCountries] ([MovieId], [CountryId]) VALUES (54, 12);
INSERT INTO [MovieCountries] ([MovieId], [CountryId]) VALUES (55, 13);
INSERT INTO [MovieCountries] ([MovieId], [CountryId]) VALUES (56, 5);
INSERT INTO [MovieCountries] ([MovieId], [CountryId]) VALUES (57, 5);
INSERT INTO [MovieCountries] ([MovieId], [CountryId]) VALUES (58, 2);
INSERT INTO [MovieCountries] ([MovieId], [CountryId]) VALUES (59, 21);
INSERT INTO [MovieCountries] ([MovieId], [CountryId]) VALUES (60, 3);
INSERT INTO [MovieCountries] ([MovieId], [CountryId]) VALUES (61, 13);
INSERT INTO [MovieCountries] ([MovieId], [CountryId]) VALUES (62, 17);
INSERT INTO [MovieCountries] ([MovieId], [CountryId]) VALUES (63, 21);
INSERT INTO [MovieCountries] ([MovieId], [CountryId]) VALUES (64, 7);
INSERT INTO [MovieCountries] ([MovieId], [CountryId]) VALUES (65, 7);
INSERT INTO [MovieCountries] ([MovieId], [CountryId]) VALUES (66, 11);
INSERT INTO [MovieCountries] ([MovieId], [CountryId]) VALUES (67, 1);
INSERT INTO [MovieCountries] ([MovieId], [CountryId]) VALUES (68, 17);
INSERT INTO [MovieCountries] ([MovieId], [CountryId]) VALUES (69, 21);
INSERT INTO [MovieCountries] ([MovieId], [CountryId]) VALUES (70, 2);
INSERT INTO [MovieCountries] ([MovieId], [CountryId]) VALUES (33, 11);
INSERT INTO [MovieCountries] ([MovieId], [CountryId]) VALUES (34, 13);
INSERT INTO [MovieCountries] ([MovieId], [CountryId]) VALUES (35, 1);
INSERT INTO [MovieCountries] ([MovieId], [CountryId]) VALUES (36, 16);
INSERT INTO [MovieCountries] ([MovieId], [CountryId]) VALUES (37, 20);
INSERT INTO [MovieCountries] ([MovieId], [CountryId]) VALUES (38, 16);
INSERT INTO [MovieCountries] ([MovieId], [CountryId]) VALUES (39, 1);
INSERT INTO [MovieCountries] ([MovieId], [CountryId]) VALUES (40, 15);
INSERT INTO [MovieCountries] ([MovieId], [CountryId]) VALUES (41, 11);
INSERT INTO [MovieCountries] ([MovieId], [CountryId]) VALUES (42, 13);
INSERT INTO [MovieCountries] ([MovieId], [CountryId]) VALUES (43, 5);
INSERT INTO [MovieCountries] ([MovieId], [CountryId]) VALUES (44, 18);
INSERT INTO [MovieCountries] ([MovieId], [CountryId]) VALUES (45, 8);
INSERT INTO [MovieCountries] ([MovieId], [CountryId]) VALUES (46, 20);
INSERT INTO [MovieCountries] ([MovieId], [CountryId]) VALUES (47, 10);
INSERT INTO [MovieCountries] ([MovieId], [CountryId]) VALUES (48, 4);
INSERT INTO [MovieCountries] ([MovieId], [CountryId]) VALUES (49, 13);
INSERT INTO [MovieCountries] ([MovieId], [CountryId]) VALUES (50, 12);
INSERT INTO [MovieCountries] ([MovieId], [CountryId]) VALUES (51, 20);
INSERT INTO [MovieCountries] ([MovieId], [CountryId]) VALUES (52, 21);
INSERT INTO [MovieCountries] ([MovieId], [CountryId]) VALUES (53, 7);
INSERT INTO [MovieCountries] ([MovieId], [CountryId]) VALUES (54, 2);
INSERT INTO [MovieCountries] ([MovieId], [CountryId]) VALUES (55, 4);
INSERT INTO [MovieCountries] ([MovieId], [CountryId]) VALUES (56, 17);
INSERT INTO [MovieCountries] ([MovieId], [CountryId]) VALUES (57, 1);
INSERT INTO [MovieCountries] ([MovieId], [CountryId]) VALUES (58, 12);
INSERT INTO [MovieCountries] ([MovieId], [CountryId]) VALUES (59, 10);
INSERT INTO [MovieCountries] ([MovieId], [CountryId]) VALUES (60, 4);
INSERT INTO [MovieCountries] ([MovieId], [CountryId]) VALUES (61, 11);
INSERT INTO [MovieCountries] ([MovieId], [CountryId]) VALUES (62, 16);
INSERT INTO [MovieCountries] ([MovieId], [CountryId]) VALUES (63, 7);
INSERT INTO [MovieCountries] ([MovieId], [CountryId]) VALUES (64, 20);
INSERT INTO [MovieCountries] ([MovieId], [CountryId]) VALUES (65, 14);
INSERT INTO [MovieCountries] ([MovieId], [CountryId]) VALUES (66, 17);
INSERT INTO [MovieCountries] ([MovieId], [CountryId]) VALUES (67, 19);
INSERT INTO [MovieCountries] ([MovieId], [CountryId]) VALUES (68, 8);
INSERT INTO [MovieCountries] ([MovieId], [CountryId]) VALUES (69, 1);
INSERT INTO [MovieCountries] ([MovieId], [CountryId]) VALUES (70, 15);
INSERT INTO [MovieCountries] ([MovieId], [CountryId]) VALUES (33, 21);
INSERT INTO [MovieCountries] ([MovieId], [CountryId]) VALUES (34, 5);
INSERT INTO [MovieCountries] ([MovieId], [CountryId]) VALUES (35, 8);
INSERT INTO [MovieCountries] ([MovieId], [CountryId]) VALUES (36, 20);
INSERT INTO [MovieCountries] ([MovieId], [CountryId]) VALUES (37, 20);
INSERT INTO [MovieCountries] ([MovieId], [CountryId]) VALUES (38, 15);
INSERT INTO [MovieCountries] ([MovieId], [CountryId]) VALUES (39, 14);
INSERT INTO [MovieCountries] ([MovieId], [CountryId]) VALUES (40, 21);
INSERT INTO [MovieCountries] ([MovieId], [CountryId]) VALUES (41, 18);
INSERT INTO [MovieCountries] ([MovieId], [CountryId]) VALUES (42, 14);
INSERT INTO [MovieCountries] ([MovieId], [CountryId]) VALUES (43, 18);
INSERT INTO [MovieCountries] ([MovieId], [CountryId]) VALUES (44, 20);
INSERT INTO [MovieCountries] ([MovieId], [CountryId]) VALUES (45, 11);
INSERT INTO [MovieCountries] ([MovieId], [CountryId]) VALUES (46, 18);
INSERT INTO [MovieCountries] ([MovieId], [CountryId]) VALUES (47, 4);
INSERT INTO [MovieCountries] ([MovieId], [CountryId]) VALUES (48, 12);
INSERT INTO [MovieCountries] ([MovieId], [CountryId]) VALUES (49, 15);
INSERT INTO [MovieCountries] ([MovieId], [CountryId]) VALUES (50, 12);
INSERT INTO [MovieCountries] ([MovieId], [CountryId]) VALUES (51, 13);
INSERT INTO [MovieCountries] ([MovieId], [CountryId]) VALUES (52, 12);
INSERT INTO [MovieCountries] ([MovieId], [CountryId]) VALUES (53, 15);
INSERT INTO [MovieCountries] ([MovieId], [CountryId]) VALUES (54, 19);
INSERT INTO [MovieCountries] ([MovieId], [CountryId]) VALUES (55, 12);
INSERT INTO [MovieCountries] ([MovieId], [CountryId]) VALUES (56, 20);
INSERT INTO [MovieCountries] ([MovieId], [CountryId]) VALUES (57, 18);
INSERT INTO [MovieCountries] ([MovieId], [CountryId]) VALUES (58, 13);
INSERT INTO [MovieCountries] ([MovieId], [CountryId]) VALUES (59, 20);
INSERT INTO [MovieCountries] ([MovieId], [CountryId]) VALUES (60, 13);
INSERT INTO [MovieCountries] ([MovieId], [CountryId]) VALUES (61, 10);
INSERT INTO [MovieCountries] ([MovieId], [CountryId]) VALUES (62, 14);
INSERT INTO [MovieCountries] ([MovieId], [CountryId]) VALUES (63, 18);
INSERT INTO [MovieCountries] ([MovieId], [CountryId]) VALUES (64, 5);
INSERT INTO [MovieCountries] ([MovieId], [CountryId]) VALUES (65, 15);
INSERT INTO [MovieCountries] ([MovieId], [CountryId]) VALUES (66, 5);
INSERT INTO [MovieCountries] ([MovieId], [CountryId]) VALUES (67, 15);
INSERT INTO [MovieCountries] ([MovieId], [CountryId]) VALUES (68, 11);
INSERT INTO [MovieCountries] ([MovieId], [CountryId]) VALUES (69, 19);
INSERT INTO [MovieCountries] ([MovieId], [CountryId]) VALUES (70, 7);
INSERT INTO [MovieCountries] ([MovieId], [CountryId]) VALUES (33, 10);
INSERT INTO [MovieCountries] ([MovieId], [CountryId]) VALUES (34, 14);
INSERT INTO [MovieCountries] ([MovieId], [CountryId]) VALUES (35, 20);
INSERT INTO [MovieCountries] ([MovieId], [CountryId]) VALUES (36, 2);
INSERT INTO [MovieCountries] ([MovieId], [CountryId]) VALUES (37, 20);
INSERT INTO [MovieCountries] ([MovieId], [CountryId]) VALUES (38, 1);
INSERT INTO [MovieCountries] ([MovieId], [CountryId]) VALUES (39, 12);
INSERT INTO [MovieCountries] ([MovieId], [CountryId]) VALUES (40, 5);
INSERT INTO [MovieCountries] ([MovieId], [CountryId]) VALUES (41, 21);
INSERT INTO [MovieCountries] ([MovieId], [CountryId]) VALUES (42, 20);
INSERT INTO [MovieCountries] ([MovieId], [CountryId]) VALUES (43, 11);
INSERT INTO [MovieCountries] ([MovieId], [CountryId]) VALUES (44, 12);
INSERT INTO [MovieCountries] ([MovieId], [CountryId]) VALUES (45, 17);
INSERT INTO [MovieCountries] ([MovieId], [CountryId]) VALUES (46, 13);
INSERT INTO [MovieCountries] ([MovieId], [CountryId]) VALUES (47, 5);
INSERT INTO [MovieCountries] ([MovieId], [CountryId]) VALUES (48, 4);
INSERT INTO [MovieCountries] ([MovieId], [CountryId]) VALUES (49, 5);
INSERT INTO [MovieCountries] ([MovieId], [CountryId]) VALUES (50, 5);
INSERT INTO [MovieCountries] ([MovieId], [CountryId]) VALUES (51, 10);
INSERT INTO [MovieCountries] ([MovieId], [CountryId]) VALUES (52, 10);
INSERT INTO [MovieCountries] ([MovieId], [CountryId]) VALUES (53, 21);
INSERT INTO [MovieCountries] ([MovieId], [CountryId]) VALUES (54, 5);
INSERT INTO [MovieCountries] ([MovieId], [CountryId]) VALUES (55, 4);
INSERT INTO [MovieCountries] ([MovieId], [CountryId]) VALUES (56, 17);
INSERT INTO [MovieCountries] ([MovieId], [CountryId]) VALUES (57, 8);
INSERT INTO [MovieCountries] ([MovieId], [CountryId]) VALUES (58, 19);
INSERT INTO [MovieCountries] ([MovieId], [CountryId]) VALUES (59, 21);
INSERT INTO [MovieCountries] ([MovieId], [CountryId]) VALUES (60, 19);
INSERT INTO [MovieCountries] ([MovieId], [CountryId]) VALUES (61, 14);
INSERT INTO [MovieCountries] ([MovieId], [CountryId]) VALUES (62, 15);
INSERT INTO [MovieCountries] ([MovieId], [CountryId]) VALUES (63, 17);
INSERT INTO [MovieCountries] ([MovieId], [CountryId]) VALUES (64, 5);
INSERT INTO [MovieCountries] ([MovieId], [CountryId]) VALUES (65, 7);
INSERT INTO [MovieCountries] ([MovieId], [CountryId]) VALUES (66, 11);
INSERT INTO [MovieCountries] ([MovieId], [CountryId]) VALUES (67, 2);
INSERT INTO [MovieCountries] ([MovieId], [CountryId]) VALUES (68, 16);
INSERT INTO [MovieCountries] ([MovieId], [CountryId]) VALUES (69, 7);
INSERT INTO [MovieCountries] ([MovieId], [CountryId]) VALUES (70, 7);
INSERT INTO [MovieCountries] ([MovieId], [CountryId]) VALUES (33, 2);
INSERT INTO [MovieCountries] ([MovieId], [CountryId]) VALUES (34, 8);
INSERT INTO [MovieCountries] ([MovieId], [CountryId]) VALUES (35, 17);
INSERT INTO [MovieCountries] ([MovieId], [CountryId]) VALUES (36, 14);
INSERT INTO [MovieCountries] ([MovieId], [CountryId]) VALUES (37, 2);
INSERT INTO [MovieCountries] ([MovieId], [CountryId]) VALUES (38, 18);
INSERT INTO [MovieCountries] ([MovieId], [CountryId]) VALUES (39, 1);
INSERT INTO [MovieCountries] ([MovieId], [CountryId]) VALUES (40, 17);
INSERT INTO [MovieCountries] ([MovieId], [CountryId]) VALUES (41, 2);
INSERT INTO [MovieCountries] ([MovieId], [CountryId]) VALUES (42, 11);


-----MOVIEDIRECTORS

INSERT INTO [MovieDirectors] ([MovieId], [DirectorId]) VALUES (33, 1);
INSERT INTO [MovieDirectors] ([MovieId], [DirectorId]) VALUES (34, 1);
INSERT INTO [MovieDirectors] ([MovieId], [DirectorId]) VALUES (35, 4);
INSERT INTO [MovieDirectors] ([MovieId], [DirectorId]) VALUES (36, 8);
INSERT INTO [MovieDirectors] ([MovieId], [DirectorId]) VALUES (37, 9);
INSERT INTO [MovieDirectors] ([MovieId], [DirectorId]) VALUES (38, 1);
INSERT INTO [MovieDirectors] ([MovieId], [DirectorId]) VALUES (39, 8);
INSERT INTO [MovieDirectors] ([MovieId], [DirectorId]) VALUES (40, 10);
INSERT INTO [MovieDirectors] ([MovieId], [DirectorId]) VALUES (41, 5);
INSERT INTO [MovieDirectors] ([MovieId], [DirectorId]) VALUES (42, 15);
INSERT INTO [MovieDirectors] ([MovieId], [DirectorId]) VALUES (43, 6);
INSERT INTO [MovieDirectors] ([MovieId], [DirectorId]) VALUES (44, 12);
INSERT INTO [MovieDirectors] ([MovieId], [DirectorId]) VALUES (45, 13);
INSERT INTO [MovieDirectors] ([MovieId], [DirectorId]) VALUES (46, 12);
INSERT INTO [MovieDirectors] ([MovieId], [DirectorId]) VALUES (47, 1);
INSERT INTO [MovieDirectors] ([MovieId], [DirectorId]) VALUES (48, 8);
INSERT INTO [MovieDirectors] ([MovieId], [DirectorId]) VALUES (49, 3);
INSERT INTO [MovieDirectors] ([MovieId], [DirectorId]) VALUES (50, 5);
INSERT INTO [MovieDirectors] ([MovieId], [DirectorId]) VALUES (51, 11);
INSERT INTO [MovieDirectors] ([MovieId], [DirectorId]) VALUES (52, 1);
INSERT INTO [MovieDirectors] ([MovieId], [DirectorId]) VALUES (53, 15);
INSERT INTO [MovieDirectors] ([MovieId], [DirectorId]) VALUES (54, 8);
INSERT INTO [MovieDirectors] ([MovieId], [DirectorId]) VALUES (55, 13);
INSERT INTO [MovieDirectors] ([MovieId], [DirectorId]) VALUES (56, 9);
INSERT INTO [MovieDirectors] ([MovieId], [DirectorId]) VALUES (57, 8);
INSERT INTO [MovieDirectors] ([MovieId], [DirectorId]) VALUES (58, 1);
INSERT INTO [MovieDirectors] ([MovieId], [DirectorId]) VALUES (59, 3);
INSERT INTO [MovieDirectors] ([MovieId], [DirectorId]) VALUES (60, 3);
INSERT INTO [MovieDirectors] ([MovieId], [DirectorId]) VALUES (61, 12);
INSERT INTO [MovieDirectors] ([MovieId], [DirectorId]) VALUES (62, 10);
INSERT INTO [MovieDirectors] ([MovieId], [DirectorId]) VALUES (63, 15);
INSERT INTO [MovieDirectors] ([MovieId], [DirectorId]) VALUES (64, 11);
INSERT INTO [MovieDirectors] ([MovieId], [DirectorId]) VALUES (65, 6);
INSERT INTO [MovieDirectors] ([MovieId], [DirectorId]) VALUES (66, 14);
INSERT INTO [MovieDirectors] ([MovieId], [DirectorId]) VALUES (67, 15);
INSERT INTO [MovieDirectors] ([MovieId], [DirectorId]) VALUES (68, 13);
INSERT INTO [MovieDirectors] ([MovieId], [DirectorId]) VALUES (69, 4);
INSERT INTO [MovieDirectors] ([MovieId], [DirectorId]) VALUES (70, 13);
INSERT INTO [MovieDirectors] ([MovieId], [DirectorId]) VALUES (33, 13);
INSERT INTO [MovieDirectors] ([MovieId], [DirectorId]) VALUES (34, 9);
INSERT INTO [MovieDirectors] ([MovieId], [DirectorId]) VALUES (35, 3);
INSERT INTO [MovieDirectors] ([MovieId], [DirectorId]) VALUES (36, 6);
INSERT INTO [MovieDirectors] ([MovieId], [DirectorId]) VALUES (37, 6);
INSERT INTO [MovieDirectors] ([MovieId], [DirectorId]) VALUES (39, 14);
INSERT INTO [MovieDirectors] ([MovieId], [DirectorId]) VALUES (40, 12);
INSERT INTO [MovieDirectors] ([MovieId], [DirectorId]) VALUES (41, 7);
INSERT INTO [MovieDirectors] ([MovieId], [DirectorId]) VALUES (42, 10);
INSERT INTO [MovieDirectors] ([MovieId], [DirectorId]) VALUES (43, 15);
INSERT INTO [MovieDirectors] ([MovieId], [DirectorId]) VALUES (44, 1);


----MOVIELANGUAGES

INSERT INTO [MovieLanguages] ([MovieId], [LanguageId]) VALUES (33, 5);
INSERT INTO [MovieLanguages] ([MovieId], [LanguageId]) VALUES (34, 5);
INSERT INTO [MovieLanguages] ([MovieId], [LanguageId]) VALUES (35, 5);
INSERT INTO [MovieLanguages] ([MovieId], [LanguageId]) VALUES (36, 5);
INSERT INTO [MovieLanguages] ([MovieId], [LanguageId]) VALUES (37, 5);
INSERT INTO [MovieLanguages] ([MovieId], [LanguageId]) VALUES (38, 5);
INSERT INTO [MovieLanguages] ([MovieId], [LanguageId]) VALUES (39, 5);
INSERT INTO [MovieLanguages] ([MovieId], [LanguageId]) VALUES (40, 5);
INSERT INTO [MovieLanguages] ([MovieId], [LanguageId]) VALUES (41, 5);
INSERT INTO [MovieLanguages] ([MovieId], [LanguageId]) VALUES (42, 5);
INSERT INTO [MovieLanguages] ([MovieId], [LanguageId]) VALUES (43, 5);
INSERT INTO [MovieLanguages] ([MovieId], [LanguageId]) VALUES (44, 5);
INSERT INTO [MovieLanguages] ([MovieId], [LanguageId]) VALUES (45, 5);
INSERT INTO [MovieLanguages] ([MovieId], [LanguageId]) VALUES (46, 5);
INSERT INTO [MovieLanguages] ([MovieId], [LanguageId]) VALUES (47, 5);
INSERT INTO [MovieLanguages] ([MovieId], [LanguageId]) VALUES (48, 5);
INSERT INTO [MovieLanguages] ([MovieId], [LanguageId]) VALUES (49, 5);
INSERT INTO [MovieLanguages] ([MovieId], [LanguageId]) VALUES (50, 5);
INSERT INTO [MovieLanguages] ([MovieId], [LanguageId]) VALUES (51, 5);
INSERT INTO [MovieLanguages] ([MovieId], [LanguageId]) VALUES (52, 5);
INSERT INTO [MovieLanguages] ([MovieId], [LanguageId]) VALUES (53, 5);
INSERT INTO [MovieLanguages] ([MovieId], [LanguageId]) VALUES (54, 5);
INSERT INTO [MovieLanguages] ([MovieId], [LanguageId]) VALUES (55, 5);
INSERT INTO [MovieLanguages] ([MovieId], [LanguageId]) VALUES (56, 5);
INSERT INTO [MovieLanguages] ([MovieId], [LanguageId]) VALUES (57, 5);
INSERT INTO [MovieLanguages] ([MovieId], [LanguageId]) VALUES (58, 5);
INSERT INTO [MovieLanguages] ([MovieId], [LanguageId]) VALUES (59, 5);
INSERT INTO [MovieLanguages] ([MovieId], [LanguageId]) VALUES (60, 5);
INSERT INTO [MovieLanguages] ([MovieId], [LanguageId]) VALUES (61, 5);
INSERT INTO [MovieLanguages] ([MovieId], [LanguageId]) VALUES (62, 5);
INSERT INTO [MovieLanguages] ([MovieId], [LanguageId]) VALUES (63, 5);
INSERT INTO [MovieLanguages] ([MovieId], [LanguageId]) VALUES (64, 5);
INSERT INTO [MovieLanguages] ([MovieId], [LanguageId]) VALUES (65, 5);
INSERT INTO [MovieLanguages] ([MovieId], [LanguageId]) VALUES (66, 5);
INSERT INTO [MovieLanguages] ([MovieId], [LanguageId]) VALUES (67, 5);
INSERT INTO [MovieLanguages] ([MovieId], [LanguageId]) VALUES (68, 5);
INSERT INTO [MovieLanguages] ([MovieId], [LanguageId]) VALUES (69, 5);
INSERT INTO [MovieLanguages] ([MovieId], [LanguageId]) VALUES (70, 5);


----MOVIEGENRES

INSERT INTO [MovieGenres] ([MovieId], [GenreId]) VALUES (33, 21);
INSERT INTO [MovieGenres] ([MovieId], [GenreId]) VALUES (34, 17);
INSERT INTO [MovieGenres] ([MovieId], [GenreId]) VALUES (35, 20);
INSERT INTO [MovieGenres] ([MovieId], [GenreId]) VALUES (36, 7);
INSERT INTO [MovieGenres] ([MovieId], [GenreId]) VALUES (37, 27);
INSERT INTO [MovieGenres] ([MovieId], [GenreId]) VALUES (38, 4);
INSERT INTO [MovieGenres] ([MovieId], [GenreId]) VALUES (39, 21);
INSERT INTO [MovieGenres] ([MovieId], [GenreId]) VALUES (40, 25);
INSERT INTO [MovieGenres] ([MovieId], [GenreId]) VALUES (41, 4);
INSERT INTO [MovieGenres] ([MovieId], [GenreId]) VALUES (42, 29);
INSERT INTO [MovieGenres] ([MovieId], [GenreId]) VALUES (43, 26);
INSERT INTO [MovieGenres] ([MovieId], [GenreId]) VALUES (44, 26);
INSERT INTO [MovieGenres] ([MovieId], [GenreId]) VALUES (45, 1);
INSERT INTO [MovieGenres] ([MovieId], [GenreId]) VALUES (46, 4);
INSERT INTO [MovieGenres] ([MovieId], [GenreId]) VALUES (47, 18);
INSERT INTO [MovieGenres] ([MovieId], [GenreId]) VALUES (48, 14);
INSERT INTO [MovieGenres] ([MovieId], [GenreId]) VALUES (49, 12);
INSERT INTO [MovieGenres] ([MovieId], [GenreId]) VALUES (50, 22);
INSERT INTO [MovieGenres] ([MovieId], [GenreId]) VALUES (51, 12);
INSERT INTO [MovieGenres] ([MovieId], [GenreId]) VALUES (52, 30);
INSERT INTO [MovieGenres] ([MovieId], [GenreId]) VALUES (53, 19);
INSERT INTO [MovieGenres] ([MovieId], [GenreId]) VALUES (54, 26);
INSERT INTO [MovieGenres] ([MovieId], [GenreId]) VALUES (55, 20);
INSERT INTO [MovieGenres] ([MovieId], [GenreId]) VALUES (56, 6);
INSERT INTO [MovieGenres] ([MovieId], [GenreId]) VALUES (57, 13);
INSERT INTO [MovieGenres] ([MovieId], [GenreId]) VALUES (58, 10);
INSERT INTO [MovieGenres] ([MovieId], [GenreId]) VALUES (59, 21);
INSERT INTO [MovieGenres] ([MovieId], [GenreId]) VALUES (60, 6);
INSERT INTO [MovieGenres] ([MovieId], [GenreId]) VALUES (61, 17);
INSERT INTO [MovieGenres] ([MovieId], [GenreId]) VALUES (62, 14);
INSERT INTO [MovieGenres] ([MovieId], [GenreId]) VALUES (63, 30);
INSERT INTO [MovieGenres] ([MovieId], [GenreId]) VALUES (64, 17);
INSERT INTO [MovieGenres] ([MovieId], [GenreId]) VALUES (65, 25);
INSERT INTO [MovieGenres] ([MovieId], [GenreId]) VALUES (66, 27);
INSERT INTO [MovieGenres] ([MovieId], [GenreId]) VALUES (67, 12);
INSERT INTO [MovieGenres] ([MovieId], [GenreId]) VALUES (68, 20);
INSERT INTO [MovieGenres] ([MovieId], [GenreId]) VALUES (69, 13);
INSERT INTO [MovieGenres] ([MovieId], [GenreId]) VALUES (70, 5);
INSERT INTO [MovieGenres] ([MovieId], [GenreId]) VALUES (33, 15);
INSERT INTO [MovieGenres] ([MovieId], [GenreId]) VALUES (34, 14);
INSERT INTO [MovieGenres] ([MovieId], [GenreId]) VALUES (35, 15);
INSERT INTO [MovieGenres] ([MovieId], [GenreId]) VALUES (36, 31);
INSERT INTO [MovieGenres] ([MovieId], [GenreId]) VALUES (37, 25);
INSERT INTO [MovieGenres] ([MovieId], [GenreId]) VALUES (38, 12);
INSERT INTO [MovieGenres] ([MovieId], [GenreId]) VALUES (39, 18);
INSERT INTO [MovieGenres] ([MovieId], [GenreId]) VALUES (40, 28);
INSERT INTO [MovieGenres] ([MovieId], [GenreId]) VALUES (41, 21);
INSERT INTO [MovieGenres] ([MovieId], [GenreId]) VALUES (42, 16);
INSERT INTO [MovieGenres] ([MovieId], [GenreId]) VALUES (43, 25);
INSERT INTO [MovieGenres] ([MovieId], [GenreId]) VALUES (44, 25);
INSERT INTO [MovieGenres] ([MovieId], [GenreId]) VALUES (45, 2);
INSERT INTO [MovieGenres] ([MovieId], [GenreId]) VALUES (46, 17);
INSERT INTO [MovieGenres] ([MovieId], [GenreId]) VALUES (47, 20);
INSERT INTO [MovieGenres] ([MovieId], [GenreId]) VALUES (48, 26);
INSERT INTO [MovieGenres] ([MovieId], [GenreId]) VALUES (49, 14);
INSERT INTO [MovieGenres] ([MovieId], [GenreId]) VALUES (50, 18);
INSERT INTO [MovieGenres] ([MovieId], [GenreId]) VALUES (51, 5);
INSERT INTO [MovieGenres] ([MovieId], [GenreId]) VALUES (52, 7);
INSERT INTO [MovieGenres] ([MovieId], [GenreId]) VALUES (53, 21);
INSERT INTO [MovieGenres] ([MovieId], [GenreId]) VALUES (54, 15);
INSERT INTO [MovieGenres] ([MovieId], [GenreId]) VALUES (55, 10);
INSERT INTO [MovieGenres] ([MovieId], [GenreId]) VALUES (56, 19);
INSERT INTO [MovieGenres] ([MovieId], [GenreId]) VALUES (57, 11);
INSERT INTO [MovieGenres] ([MovieId], [GenreId]) VALUES (58, 11);
INSERT INTO [MovieGenres] ([MovieId], [GenreId]) VALUES (60, 25);
INSERT INTO [MovieGenres] ([MovieId], [GenreId]) VALUES (62, 17);
INSERT INTO [MovieGenres] ([MovieId], [GenreId]) VALUES (63, 16);
INSERT INTO [MovieGenres] ([MovieId], [GenreId]) VALUES (64, 1);
INSERT INTO [MovieGenres] ([MovieId], [GenreId]) VALUES (65, 8);
INSERT INTO [MovieGenres] ([MovieId], [GenreId]) VALUES (66, 5);
INSERT INTO [MovieGenres] ([MovieId], [GenreId]) VALUES (68, 23);
INSERT INTO [MovieGenres] ([MovieId], [GenreId]) VALUES (69, 28);
INSERT INTO [MovieGenres] ([MovieId], [GenreId]) VALUES (70, 21);
INSERT INTO [MovieGenres] ([MovieId], [GenreId]) VALUES (33, 8);
INSERT INTO [MovieGenres] ([MovieId], [GenreId]) VALUES (34, 16);
INSERT INTO [MovieGenres] ([MovieId], [GenreId]) VALUES (35, 5);
INSERT INTO [MovieGenres] ([MovieId], [GenreId]) VALUES (37, 2);
INSERT INTO [MovieGenres] ([MovieId], [GenreId]) VALUES (38, 30);
INSERT INTO [MovieGenres] ([MovieId], [GenreId]) VALUES (39, 30);
INSERT INTO [MovieGenres] ([MovieId], [GenreId]) VALUES (40, 4);
INSERT INTO [MovieGenres] ([MovieId], [GenreId]) VALUES (41, 28);
INSERT INTO [MovieGenres] ([MovieId], [GenreId]) VALUES (42, 18);
INSERT INTO [MovieGenres] ([MovieId], [GenreId]) VALUES (43, 7);
INSERT INTO [MovieGenres] ([MovieId], [GenreId]) VALUES (44, 16);
INSERT INTO [MovieGenres] ([MovieId], [GenreId]) VALUES (45, 23);
INSERT INTO [MovieGenres] ([MovieId], [GenreId]) VALUES (46, 32);
INSERT INTO [MovieGenres] ([MovieId], [GenreId]) VALUES (47, 24);
INSERT INTO [MovieGenres] ([MovieId], [GenreId]) VALUES (48, 11);
INSERT INTO [MovieGenres] ([MovieId], [GenreId]) VALUES (49, 3);
INSERT INTO [MovieGenres] ([MovieId], [GenreId]) VALUES (50, 25);
INSERT INTO [MovieGenres] ([MovieId], [GenreId]) VALUES (51, 25);
INSERT INTO [MovieGenres] ([MovieId], [GenreId]) VALUES (52, 6);
INSERT INTO [MovieGenres] ([MovieId], [GenreId]) VALUES (53, 3);
INSERT INTO [MovieGenres] ([MovieId], [GenreId]) VALUES (54, 21);
INSERT INTO [MovieGenres] ([MovieId], [GenreId]) VALUES (55, 23);
INSERT INTO [MovieGenres] ([MovieId], [GenreId]) VALUES (56, 22);
INSERT INTO [MovieGenres] ([MovieId], [GenreId]) VALUES (57, 26);
INSERT INTO [MovieGenres] ([MovieId], [GenreId]) VALUES (58, 31);
INSERT INTO [MovieGenres] ([MovieId], [GenreId]) VALUES (59, 12);
INSERT INTO [MovieGenres] ([MovieId], [GenreId]) VALUES (60, 16);
INSERT INTO [MovieGenres] ([MovieId], [GenreId]) VALUES (61, 5);
INSERT INTO [MovieGenres] ([MovieId], [GenreId]) VALUES (62, 3);
INSERT INTO [MovieGenres] ([MovieId], [GenreId]) VALUES (63, 10);
INSERT INTO [MovieGenres] ([MovieId], [GenreId]) VALUES (64, 16);
INSERT INTO [MovieGenres] ([MovieId], [GenreId]) VALUES (65, 1);
INSERT INTO [MovieGenres] ([MovieId], [GenreId]) VALUES (66, 29);
INSERT INTO [MovieGenres] ([MovieId], [GenreId]) VALUES (67, 26);
INSERT INTO [MovieGenres] ([MovieId], [GenreId]) VALUES (68, 1);
INSERT INTO [MovieGenres] ([MovieId], [GenreId]) VALUES (69, 29);
INSERT INTO [MovieGenres] ([MovieId], [GenreId]) VALUES (70, 30);
INSERT INTO [MovieGenres] ([MovieId], [GenreId]) VALUES (33, 31);
INSERT INTO [MovieGenres] ([MovieId], [GenreId]) VALUES (34, 7);
INSERT INTO [MovieGenres] ([MovieId], [GenreId]) VALUES (35, 6);
INSERT INTO [MovieGenres] ([MovieId], [GenreId]) VALUES (36, 14);
INSERT INTO [MovieGenres] ([MovieId], [GenreId]) VALUES (37, 12);
INSERT INTO [MovieGenres] ([MovieId], [GenreId]) VALUES (38, 10);
INSERT INTO [MovieGenres] ([MovieId], [GenreId]) VALUES (39, 28);
INSERT INTO [MovieGenres] ([MovieId], [GenreId]) VALUES (40, 12);
INSERT INTO [MovieGenres] ([MovieId], [GenreId]) VALUES (41, 25);
INSERT INTO [MovieGenres] ([MovieId], [GenreId]) VALUES (42, 20);
INSERT INTO [MovieGenres] ([MovieId], [GenreId]) VALUES (43, 3);
INSERT INTO [MovieGenres] ([MovieId], [GenreId]) VALUES (44, 22);
INSERT INTO [MovieGenres] ([MovieId], [GenreId]) VALUES (45, 28);
INSERT INTO [MovieGenres] ([MovieId], [GenreId]) VALUES (46, 14);
INSERT INTO [MovieGenres] ([MovieId], [GenreId]) VALUES (47, 2);
INSERT INTO [MovieGenres] ([MovieId], [GenreId]) VALUES (48, 21);
INSERT INTO [MovieGenres] ([MovieId], [GenreId]) VALUES (49, 5);
INSERT INTO [MovieGenres] ([MovieId], [GenreId]) VALUES (50, 31);
INSERT INTO [MovieGenres] ([MovieId], [GenreId]) VALUES (51, 9);
INSERT INTO [MovieGenres] ([MovieId], [GenreId]) VALUES (52, 23);
INSERT INTO [MovieGenres] ([MovieId], [GenreId]) VALUES (53, 16);
INSERT INTO [MovieGenres] ([MovieId], [GenreId]) VALUES (54, 27);
INSERT INTO [MovieGenres] ([MovieId], [GenreId]) VALUES (55, 27);
INSERT INTO [MovieGenres] ([MovieId], [GenreId]) VALUES (56, 11);
INSERT INTO [MovieGenres] ([MovieId], [GenreId]) VALUES (57, 24);
INSERT INTO [MovieGenres] ([MovieId], [GenreId]) VALUES (58, 5);
INSERT INTO [MovieGenres] ([MovieId], [GenreId]) VALUES (59, 17);
INSERT INTO [MovieGenres] ([MovieId], [GenreId]) VALUES (60, 29);
INSERT INTO [MovieGenres] ([MovieId], [GenreId]) VALUES (61, 8);
INSERT INTO [MovieGenres] ([MovieId], [GenreId]) VALUES (62, 32);
INSERT INTO [MovieGenres] ([MovieId], [GenreId]) VALUES (63, 13);
INSERT INTO [MovieGenres] ([MovieId], [GenreId]) VALUES (64, 10);
INSERT INTO [MovieGenres] ([MovieId], [GenreId]) VALUES (65, 30);
INSERT INTO [MovieGenres] ([MovieId], [GenreId]) VALUES (66, 6);
INSERT INTO [MovieGenres] ([MovieId], [GenreId]) VALUES (67, 28);
INSERT INTO [MovieGenres] ([MovieId], [GenreId]) VALUES (69, 21);
INSERT INTO [MovieGenres] ([MovieId], [GenreId]) VALUES (70, 25);
INSERT INTO [MovieGenres] ([MovieId], [GenreId]) VALUES (33, 30);
INSERT INTO [MovieGenres] ([MovieId], [GenreId]) VALUES (34, 20);
INSERT INTO [MovieGenres] ([MovieId], [GenreId]) VALUES (35, 28);
INSERT INTO [MovieGenres] ([MovieId], [GenreId]) VALUES (36, 27);
INSERT INTO [MovieGenres] ([MovieId], [GenreId]) VALUES (37, 16);
INSERT INTO [MovieGenres] ([MovieId], [GenreId]) VALUES (38, 2);
INSERT INTO [MovieGenres] ([MovieId], [GenreId]) VALUES (39, 3);
INSERT INTO [MovieGenres] ([MovieId], [GenreId]) VALUES (40, 9);
INSERT INTO [MovieGenres] ([MovieId], [GenreId]) VALUES (41, 30);
INSERT INTO [MovieGenres] ([MovieId], [GenreId]) VALUES (42, 4);
INSERT INTO [MovieGenres] ([MovieId], [GenreId]) VALUES (43, 13);
INSERT INTO [MovieGenres] ([MovieId], [GenreId]) VALUES (44, 12);
INSERT INTO [MovieGenres] ([MovieId], [GenreId]) VALUES (45, 10);
INSERT INTO [MovieGenres] ([MovieId], [GenreId]) VALUES (46, 13);
INSERT INTO [MovieGenres] ([MovieId], [GenreId]) VALUES (48, 24);
INSERT INTO [MovieGenres] ([MovieId], [GenreId]) VALUES (49, 12);
INSERT INTO [MovieGenres] ([MovieId], [GenreId]) VALUES (50, 21);
INSERT INTO [MovieGenres] ([MovieId], [GenreId]) VALUES (51, 30);
INSERT INTO [MovieGenres] ([MovieId], [GenreId]) VALUES (52, 10);
INSERT INTO [MovieGenres] ([MovieId], [GenreId]) VALUES (53, 26);
INSERT INTO [MovieGenres] ([MovieId], [GenreId]) VALUES (54, 10);
INSERT INTO [MovieGenres] ([MovieId], [GenreId]) VALUES (56, 31);
INSERT INTO [MovieGenres] ([MovieId], [GenreId]) VALUES (57, 20);
INSERT INTO [MovieGenres] ([MovieId], [GenreId]) VALUES (58, 12);
INSERT INTO [MovieGenres] ([MovieId], [GenreId]) VALUES (59, 24);
INSERT INTO [MovieGenres] ([MovieId], [GenreId]) VALUES (60, 31);
INSERT INTO [MovieGenres] ([MovieId], [GenreId]) VALUES (61, 24);
INSERT INTO [MovieGenres] ([MovieId], [GenreId]) VALUES (62, 26);
INSERT INTO [MovieGenres] ([MovieId], [GenreId]) VALUES (64, 15);
INSERT INTO [MovieGenres] ([MovieId], [GenreId]) VALUES (65, 15);
INSERT INTO [MovieGenres] ([MovieId], [GenreId]) VALUES (67, 5);
INSERT INTO [MovieGenres] ([MovieId], [GenreId]) VALUES (68, 29);
INSERT INTO [MovieGenres] ([MovieId], [GenreId]) VALUES (69, 17);
INSERT INTO [MovieGenres] ([MovieId], [GenreId]) VALUES (70, 32);
INSERT INTO [MovieGenres] ([MovieId], [GenreId]) VALUES (33, 22);
INSERT INTO [MovieGenres] ([MovieId], [GenreId]) VALUES (34, 15);
INSERT INTO [MovieGenres] ([MovieId], [GenreId]) VALUES (35, 11);
INSERT INTO [MovieGenres] ([MovieId], [GenreId]) VALUES (37, 11);
INSERT INTO [MovieGenres] ([MovieId], [GenreId]) VALUES (38, 25);
INSERT INTO [MovieGenres] ([MovieId], [GenreId]) VALUES (39, 4);
INSERT INTO [MovieGenres] ([MovieId], [GenreId]) VALUES (40, 24);
INSERT INTO [MovieGenres] ([MovieId], [GenreId]) VALUES (41, 14);
INSERT INTO [MovieGenres] ([MovieId], [GenreId]) VALUES (42, 21);
INSERT INTO [MovieGenres] ([MovieId], [GenreId]) VALUES (43, 22);
INSERT INTO [MovieGenres] ([MovieId], [GenreId]) VALUES (44, 9);
INSERT INTO [MovieGenres] ([MovieId], [GenreId]) VALUES (45, 29);
INSERT INTO [MovieGenres] ([MovieId], [GenreId]) VALUES (46, 7);
INSERT INTO [MovieGenres] ([MovieId], [GenreId]) VALUES (47, 3);
INSERT INTO [MovieGenres] ([MovieId], [GenreId]) VALUES (48, 27);
INSERT INTO [MovieGenres] ([MovieId], [GenreId]) VALUES (49, 27);
INSERT INTO [MovieGenres] ([MovieId], [GenreId]) VALUES (50, 7);
INSERT INTO [MovieGenres] ([MovieId], [GenreId]) VALUES (51, 19);
INSERT INTO [MovieGenres] ([MovieId], [GenreId]) VALUES (52, 18);
INSERT INTO [MovieGenres] ([MovieId], [GenreId]) VALUES (54, 4);
INSERT INTO [MovieGenres] ([MovieId], [GenreId]) VALUES (55, 31);
INSERT INTO [MovieGenres] ([MovieId], [GenreId]) VALUES (56, 27);
INSERT INTO [MovieGenres] ([MovieId], [GenreId]) VALUES (58, 14);
INSERT INTO [MovieGenres] ([MovieId], [GenreId]) VALUES (59, 3);
INSERT INTO [MovieGenres] ([MovieId], [GenreId]) VALUES (60, 14);
INSERT INTO [MovieGenres] ([MovieId], [GenreId]) VALUES (61, 11);
INSERT INTO [MovieGenres] ([MovieId], [GenreId]) VALUES (62, 6);
INSERT INTO [MovieGenres] ([MovieId], [GenreId]) VALUES (63, 1);
INSERT INTO [MovieGenres] ([MovieId], [GenreId]) VALUES (64, 31);
INSERT INTO [MovieGenres] ([MovieId], [GenreId]) VALUES (65, 26);
INSERT INTO [MovieGenres] ([MovieId], [GenreId]) VALUES (66, 20);
INSERT INTO [MovieGenres] ([MovieId], [GenreId]) VALUES (67, 24);
INSERT INTO [MovieGenres] ([MovieId], [GenreId]) VALUES (68, 9);
INSERT INTO [MovieGenres] ([MovieId], [GenreId]) VALUES (69, 6);
INSERT INTO [MovieGenres] ([MovieId], [GenreId]) VALUES (33, 2);
INSERT INTO [MovieGenres] ([MovieId], [GenreId]) VALUES (34, 1);
INSERT INTO [MovieGenres] ([MovieId], [GenreId]) VALUES (35, 17);
INSERT INTO [MovieGenres] ([MovieId], [GenreId]) VALUES (36, 12);
INSERT INTO [MovieGenres] ([MovieId], [GenreId]) VALUES (39, 2);
INSERT INTO [MovieGenres] ([MovieId], [GenreId]) VALUES (40, 3);
INSERT INTO [MovieGenres] ([MovieId], [GenreId]) VALUES (41, 23);
INSERT INTO [MovieGenres] ([MovieId], [GenreId]) VALUES (43, 24);
INSERT INTO [MovieGenres] ([MovieId], [GenreId]) VALUES (44, 29);
INSERT INTO [MovieGenres] ([MovieId], [GenreId]) VALUES (45, 16);
INSERT INTO [MovieGenres] ([MovieId], [GenreId]) VALUES (46, 26);
INSERT INTO [MovieGenres] ([MovieId], [GenreId]) VALUES (47, 26);
INSERT INTO [MovieGenres] ([MovieId], [GenreId]) VALUES (48, 17);
INSERT INTO [MovieGenres] ([MovieId], [GenreId]) VALUES (49, 28);
INSERT INTO [MovieGenres] ([MovieId], [GenreId]) VALUES (50, 19);
INSERT INTO [MovieGenres] ([MovieId], [GenreId]) VALUES (51, 22);
INSERT INTO [MovieGenres] ([MovieId], [GenreId]) VALUES (52, 26);
INSERT INTO [MovieGenres] ([MovieId], [GenreId]) VALUES (53, 11);
INSERT INTO [MovieGenres] ([MovieId], [GenreId]) VALUES (54, 32);
INSERT INTO [MovieGenres] ([MovieId], [GenreId]) VALUES (56, 14);
INSERT INTO [MovieGenres] ([MovieId], [GenreId]) VALUES (57, 23);
INSERT INTO [MovieGenres] ([MovieId], [GenreId]) VALUES (58, 18);
INSERT INTO [MovieGenres] ([MovieId], [GenreId]) VALUES (59, 14);
INSERT INTO [MovieGenres] ([MovieId], [GenreId]) VALUES (60, 28);
INSERT INTO [MovieGenres] ([MovieId], [GenreId]) VALUES (61, 30);
INSERT INTO [MovieGenres] ([MovieId], [GenreId]) VALUES (62, 4);
INSERT INTO [MovieGenres] ([MovieId], [GenreId]) VALUES (63, 22);
INSERT INTO [MovieGenres] ([MovieId], [GenreId]) VALUES (64, 20);
INSERT INTO [MovieGenres] ([MovieId], [GenreId]) VALUES (65, 24);
INSERT INTO [MovieGenres] ([MovieId], [GenreId]) VALUES (66, 18);
INSERT INTO [MovieGenres] ([MovieId], [GenreId]) VALUES (67, 2);
INSERT INTO [MovieGenres] ([MovieId], [GenreId]) VALUES (68, 14);
INSERT INTO [MovieGenres] ([MovieId], [GenreId]) VALUES (69, 30);
INSERT INTO [MovieGenres] ([MovieId], [GenreId]) VALUES (70, 28);
INSERT INTO [MovieGenres] ([MovieId], [GenreId]) VALUES (33, 20);
INSERT INTO [MovieGenres] ([MovieId], [GenreId]) VALUES (34, 30);
INSERT INTO [MovieGenres] ([MovieId], [GenreId]) VALUES (35, 22);
INSERT INTO [MovieGenres] ([MovieId], [GenreId]) VALUES (36, 13);
INSERT INTO [MovieGenres] ([MovieId], [GenreId]) VALUES (37, 23);
INSERT INTO [MovieGenres] ([MovieId], [GenreId]) VALUES (38, 15);
INSERT INTO [MovieGenres] ([MovieId], [GenreId]) VALUES (41, 27);
INSERT INTO [MovieGenres] ([MovieId], [GenreId]) VALUES (43, 15);
INSERT INTO [MovieGenres] ([MovieId], [GenreId]) VALUES (44, 27);
INSERT INTO [MovieGenres] ([MovieId], [GenreId]) VALUES (45, 27);
INSERT INTO [MovieGenres] ([MovieId], [GenreId]) VALUES (46, 24);
INSERT INTO [MovieGenres] ([MovieId], [GenreId]) VALUES (47, 14);
INSERT INTO [MovieGenres] ([MovieId], [GenreId]) VALUES (48, 5);
INSERT INTO [MovieGenres] ([MovieId], [GenreId]) VALUES (49, 15);
INSERT INTO [MovieGenres] ([MovieId], [GenreId]) VALUES (50, 15);
INSERT INTO [MovieGenres] ([MovieId], [GenreId]) VALUES (51, 10);
INSERT INTO [MovieGenres] ([MovieId], [GenreId]) VALUES (52, 16);
INSERT INTO [MovieGenres] ([MovieId], [GenreId]) VALUES (55, 19);
INSERT INTO [MovieGenres] ([MovieId], [GenreId]) VALUES (56, 15);
INSERT INTO [MovieGenres] ([MovieId], [GenreId]) VALUES (57, 3);
INSERT INTO [MovieGenres] ([MovieId], [GenreId]) VALUES (58, 13);
INSERT INTO [MovieGenres] ([MovieId], [GenreId]) VALUES (59, 19);
INSERT INTO [MovieGenres] ([MovieId], [GenreId]) VALUES (60, 27);
INSERT INTO [MovieGenres] ([MovieId], [GenreId]) VALUES (61, 31);
INSERT INTO [MovieGenres] ([MovieId], [GenreId]) VALUES (62, 28);
INSERT INTO [MovieGenres] ([MovieId], [GenreId]) VALUES (63, 12);
INSERT INTO [MovieGenres] ([MovieId], [GenreId]) VALUES (65, 9);
INSERT INTO [MovieGenres] ([MovieId], [GenreId]) VALUES (66, 28);


----MOVIEWRITERS

INSERT INTO [MovieWriters] ([MovieId], [WriterId]) VALUES (33, 12);
INSERT INTO [MovieWriters] ([MovieId], [WriterId]) VALUES (34, 13);
INSERT INTO [MovieWriters] ([MovieId], [WriterId]) VALUES (35, 9);
INSERT INTO [MovieWriters] ([MovieId], [WriterId]) VALUES (36, 6);
INSERT INTO [MovieWriters] ([MovieId], [WriterId]) VALUES (37, 2);
INSERT INTO [MovieWriters] ([MovieId], [WriterId]) VALUES (38, 8);
INSERT INTO [MovieWriters] ([MovieId], [WriterId]) VALUES (39, 7);
INSERT INTO [MovieWriters] ([MovieId], [WriterId]) VALUES (40, 10);
INSERT INTO [MovieWriters] ([MovieId], [WriterId]) VALUES (41, 15);
INSERT INTO [MovieWriters] ([MovieId], [WriterId]) VALUES (42, 3);
INSERT INTO [MovieWriters] ([MovieId], [WriterId]) VALUES (43, 11);
INSERT INTO [MovieWriters] ([MovieId], [WriterId]) VALUES (44, 4);
INSERT INTO [MovieWriters] ([MovieId], [WriterId]) VALUES (45, 15);
INSERT INTO [MovieWriters] ([MovieId], [WriterId]) VALUES (46, 11);
INSERT INTO [MovieWriters] ([MovieId], [WriterId]) VALUES (47, 1);
INSERT INTO [MovieWriters] ([MovieId], [WriterId]) VALUES (48, 2);
INSERT INTO [MovieWriters] ([MovieId], [WriterId]) VALUES (49, 2);
INSERT INTO [MovieWriters] ([MovieId], [WriterId]) VALUES (50, 12);
INSERT INTO [MovieWriters] ([MovieId], [WriterId]) VALUES (51, 11);
INSERT INTO [MovieWriters] ([MovieId], [WriterId]) VALUES (52, 12);
INSERT INTO [MovieWriters] ([MovieId], [WriterId]) VALUES (53, 2);
INSERT INTO [MovieWriters] ([MovieId], [WriterId]) VALUES (54, 14);
INSERT INTO [MovieWriters] ([MovieId], [WriterId]) VALUES (55, 3);
INSERT INTO [MovieWriters] ([MovieId], [WriterId]) VALUES (56, 11);
INSERT INTO [MovieWriters] ([MovieId], [WriterId]) VALUES (57, 7);
INSERT INTO [MovieWriters] ([MovieId], [WriterId]) VALUES (58, 9);
INSERT INTO [MovieWriters] ([MovieId], [WriterId]) VALUES (59, 3);
INSERT INTO [MovieWriters] ([MovieId], [WriterId]) VALUES (60, 4);
INSERT INTO [MovieWriters] ([MovieId], [WriterId]) VALUES (61, 3);
INSERT INTO [MovieWriters] ([MovieId], [WriterId]) VALUES (62, 1);
INSERT INTO [MovieWriters] ([MovieId], [WriterId]) VALUES (63, 10);
INSERT INTO [MovieWriters] ([MovieId], [WriterId]) VALUES (64, 2);
INSERT INTO [MovieWriters] ([MovieId], [WriterId]) VALUES (65, 11);
INSERT INTO [MovieWriters] ([MovieId], [WriterId]) VALUES (66, 7);
INSERT INTO [MovieWriters] ([MovieId], [WriterId]) VALUES (67, 4);
INSERT INTO [MovieWriters] ([MovieId], [WriterId]) VALUES (68, 7);
INSERT INTO [MovieWriters] ([MovieId], [WriterId]) VALUES (69, 15);
INSERT INTO [MovieWriters] ([MovieId], [WriterId]) VALUES (70, 2);
INSERT INTO [MovieWriters] ([MovieId], [WriterId]) VALUES (33, 4);
INSERT INTO [MovieWriters] ([MovieId], [WriterId]) VALUES (34, 13);
INSERT INTO [MovieWriters] ([MovieId], [WriterId]) VALUES (35, 5);
INSERT INTO [MovieWriters] ([MovieId], [WriterId]) VALUES (36, 3);
INSERT INTO [MovieWriters] ([MovieId], [WriterId]) VALUES (37, 8);
INSERT INTO [MovieWriters] ([MovieId], [WriterId]) VALUES (38, 12);
INSERT INTO [MovieWriters] ([MovieId], [WriterId]) VALUES (39, 8);
INSERT INTO [MovieWriters] ([MovieId], [WriterId]) VALUES (40, 7);
INSERT INTO [MovieWriters] ([MovieId], [WriterId]) VALUES (41, 1);
INSERT INTO [MovieWriters] ([MovieId], [WriterId]) VALUES (42, 12);
INSERT INTO [MovieWriters] ([MovieId], [WriterId]) VALUES (43, 15);
INSERT INTO [MovieWriters] ([MovieId], [WriterId]) VALUES (44, 6);
INSERT INTO [MovieWriters] ([MovieId], [WriterId]) VALUES (45, 7);
INSERT INTO [MovieWriters] ([MovieId], [WriterId]) VALUES (46, 11);
INSERT INTO [MovieWriters] ([MovieId], [WriterId]) VALUES (47, 15);
INSERT INTO [MovieWriters] ([MovieId], [WriterId]) VALUES (48, 14);
INSERT INTO [MovieWriters] ([MovieId], [WriterId]) VALUES (49, 2);
INSERT INTO [MovieWriters] ([MovieId], [WriterId]) VALUES (50, 10);
INSERT INTO [MovieWriters] ([MovieId], [WriterId]) VALUES (51, 6);
INSERT INTO [MovieWriters] ([MovieId], [WriterId]) VALUES (52, 2);
INSERT INTO [MovieWriters] ([MovieId], [WriterId]) VALUES (53, 15);
INSERT INTO [MovieWriters] ([MovieId], [WriterId]) VALUES (54, 13);
INSERT INTO [MovieWriters] ([MovieId], [WriterId]) VALUES (55, 8);
INSERT INTO [MovieWriters] ([MovieId], [WriterId]) VALUES (56, 10);
INSERT INTO [MovieWriters] ([MovieId], [WriterId]) VALUES (57, 13);
INSERT INTO [MovieWriters] ([MovieId], [WriterId]) VALUES (58, 11);
INSERT INTO [MovieWriters] ([MovieId], [WriterId]) VALUES (59, 15);
INSERT INTO [MovieWriters] ([MovieId], [WriterId]) VALUES (60, 7);
INSERT INTO [MovieWriters] ([MovieId], [WriterId]) VALUES (61, 10);
INSERT INTO [MovieWriters] ([MovieId], [WriterId]) VALUES (62, 1);
INSERT INTO [MovieWriters] ([MovieId], [WriterId]) VALUES (63, 7);
INSERT INTO [MovieWriters] ([MovieId], [WriterId]) VALUES (64, 14);


